date,direction,entry_time,exit_time,entry_px,exit_px,pts,lot_size,pnl,exit_reason
2021-05-21,LONG,09:45,15:15,15064.2,15183.5,119.3,50,5965.0,TIME_EXIT
2021-05-25,SHORT,13:30,15:15,15199.2,15218.2,-19.0,50,-950.0,TIME_EXIT
2021-05-26,LONG,10:00,15:15,15241.8,15299.7,57.9,50,2895.0,TIME_EXIT
2021-05-27,SHORT,14:45,15:15,15303.8,15370.2,-66.4,50,-3320.0,TIME_EXIT
2021-06-02,LONG,15:00,15:15,15573.0,15590.0,17.0,50,850.0,TIME_EXIT
2021-06-04,SHORT,13:15,15:15,15648.1,15670.7,-22.6,50,-1130.0,TIME_EXIT
2021-06-08,SHORT,10:00,13:15,15695.3,15745.5,-50.2,50,-2510.0,SIGNAL_FLIP
2021-06-08,LONG,13:15,15:15,15745.5,15741.8,-3.7,50,-185.0,TIME_EXIT
2021-06-09,SHORT,13:00,15:15,15659.7,15640.2,19.5,50,975.0,TIME_EXIT
2021-06-10,LONG,11:45,15:15,15722.5,15745.2,22.7,50,1135.0,TIME_EXIT
2021-06-14,LONG,13:30,15:15,15787.4,15809.7,22.3,50,1115.0,TIME_EXIT
2021-06-16,SHORT,09:45,15:15,15833.8,15755.7,78.1,50,3905.0,TIME_EXIT
2021-06-18,LONG,14:30,15:15,15665.4,15719.8,54.4,50,2720.0,TIME_EXIT
2021-06-21,SHORT,09:45,12:30,15573.4,15640.0,-66.6,50,-3330.0,SIGNAL_FLIP
2021-06-21,LONG,12:30,15:15,15640.0,15748.6,108.6,50,5430.0,TIME_EXIT
2021-06-24,LONG,11:15,15:15,15752.4,15793.7,41.3,50,2065.0,TIME_EXIT
2021-06-28,SHORT,11:45,15:15,15834.7,15825.0,9.7,50,485.0,TIME_EXIT
2021-06-30,LONG,10:00,14:00,15806.2,15787.0,-19.2,50,-960.0,SIGNAL_FLIP
2021-06-30,SHORT,14:00,15:15,15787.0,15730.7,56.3,50,2815.0,TIME_EXIT
2021-07-02,LONG,13:00,15:15,15699.5,15729.0,29.5,50,1475.0,TIME_EXIT
2021-07-06,SHORT,15:00,15:15,15806.5,15817.7,-11.2,50,-560.0,TIME_EXIT
2021-07-07,LONG,14:00,15:15,15854.5,15878.7,24.2,50,1210.0,TIME_EXIT
2021-07-08,SHORT,10:45,15:15,15835.2,15728.0,107.2,50,5360.0,TIME_EXIT
2021-07-12,SHORT,13:30,15:15,15722.0,15691.4,30.6,50,1530.0,TIME_EXIT
2021-07-13,LONG,09:45,15:15,15770.4,15807.9,37.5,50,1875.0,TIME_EXIT
2021-07-16,SHORT,12:00,15:15,15908.2,15923.6,-15.4,50,-770.0,TIME_EXIT
2021-07-26,SHORT,12:15,15:15,15852.6,15821.5,31.1,50,1555.0,TIME_EXIT
2021-07-27,LONG,10:00,11:15,15868.8,15834.1,-34.7,50,-1735.0,SIGNAL_FLIP
2021-07-27,SHORT,11:15,15:15,15834.1,15747.2,86.9,50,4345.0,TIME_EXIT
2021-07-28,LONG,14:00,14:15,15688.3,15652.9,-35.4,50,-1770.0,SIGNAL_FLIP
2021-07-28,SHORT,14:15,14:45,15652.9,15684.0,-31.1,50,-1555.0,SIGNAL_FLIP
2021-07-28,LONG,14:45,15:15,15684.0,15714.7,30.7,50,1535.0,TIME_EXIT
2021-07-30,SHORT,15:00,15:15,15749.0,15773.7,-24.7,50,-1235.0,TIME_EXIT
2021-08-06,SHORT,10:45,15:15,16254.5,16254.7,-0.2,50,-10.0,TIME_EXIT
2021-08-09,SHORT,12:00,15:15,16259.3,16254.1,5.2,50,260.0,TIME_EXIT
2021-08-10,SHORT,14:00,15:15,16208.3,16268.3,-60.0,50,-3000.0,TIME_EXIT
2021-08-11,LONG,13:45,15:15,16261.2,16276.0,14.8,50,740.0,TIME_EXIT
2021-08-17,SHORT,12:00,14:00,16525.1,16575.7,-50.6,50,-2530.0,SIGNAL_FLIP
2021-08-17,LONG,14:00,15:15,16575.7,16605.4,29.7,50,1485.0,TIME_EXIT
2021-08-18,SHORT,13:00,15:15,16582.4,16551.9,30.5,50,1525.0,TIME_EXIT
2021-08-23,SHORT,10:30,11:45,16443.4,16497.9,-54.5,50,-2725.0,SIGNAL_FLIP
2021-08-23,LONG,11:45,15:15,16497.9,16488.3,-9.6,50,-480.0,TIME_EXIT
2021-08-25,SHORT,14:45,15:15,16636.9,16635.4,1.5,50,75.0,TIME_EXIT
2021-08-26,LONG,09:45,12:15,16664.8,16640.2,-24.6,50,-1230.0,SIGNAL_FLIP
2021-08-26,SHORT,12:15,15:15,16640.2,16631.9,8.3,50,415.0,TIME_EXIT
2021-08-27,LONG,10:45,15:15,16652.7,16691.6,38.9,50,1945.0,TIME_EXIT
2021-09-01,SHORT,15:00,15:15,17068.7,17058.8,9.9,50,495.0,TIME_EXIT
2021-09-02,LONG,09:45,15:15,17124.3,17233.8,109.5,50,5475.0,TIME_EXIT
2021-09-07,SHORT,10:00,12:15,17310.8,17410.0,-99.2,50,-4960.0,SIGNAL_FLIP
2021-09-07,LONG,12:15,15:15,17410.0,17357.4,-52.6,50,-2630.0,TIME_EXIT
2021-09-09,LONG,10:30,12:30,17367.3,17308.7,-58.6,50,-2930.0,SIGNAL_FLIP
2021-09-09,SHORT,12:30,13:45,17308.7,17340.8,-32.1,50,-1605.0,SIGNAL_FLIP
2021-09-09,LONG,13:45,14:30,17340.8,17325.5,-15.3,50,-765.0,SIGNAL_FLIP
2021-09-09,SHORT,14:30,15:00,17325.5,17364.5,-39.0,50,-1950.0,SIGNAL_FLIP
2021-09-09,LONG,15:00,15:15,17364.5,17358.1,-6.4,50,-320.0,TIME_EXIT
2021-09-13,LONG,12:30,15:15,17347.8,17350.7,2.9,50,145.0,TIME_EXIT
2021-09-14,SHORT,14:15,15:15,17382.9,17382.0,0.9,50,45.0,TIME_EXIT
2021-09-17,SHORT,12:45,15:15,17628.5,17602.2,26.3,50,1315.0,TIME_EXIT
2021-09-21,LONG,13:30,15:15,17489.3,17564.1,74.8,50,3740.0,TIME_EXIT
2021-09-27,SHORT,11:00,13:00,17843.2,17886.2,-43.0,50,-2150.0,SIGNAL_FLIP
2021-09-27,LONG,13:00,14:45,17886.2,17847.9,-38.3,50,-1915.0,SIGNAL_FLIP
2021-09-27,SHORT,14:45,15:15,17847.9,17855.1,-7.2,50,-360.0,TIME_EXIT
2021-09-28,LONG,10:00,10:15,17876.6,17840.1,-36.5,50,-1825.0,SIGNAL_FLIP
2021-09-28,SHORT,10:15,15:15,17840.1,17733.4,106.7,50,5335.0,TIME_EXIT
2021-09-29,LONG,13:30,15:15,17703.9,17708.6,4.7,50,235.0,TIME_EXIT
2021-09-30,SHORT,11:00,11:15,17689.7,17715.6,-25.9,50,-1295.0,SIGNAL_FLIP
2021-09-30,LONG,11:15,12:30,17715.6,17653.3,-62.3,50,-3115.0,SIGNAL_FLIP
2021-09-30,SHORT,12:30,15:15,17653.3,17608.7,44.6,50,2230.0,TIME_EXIT
2021-10-06,SHORT,13:30,15:15,17750.2,17626.4,123.8,50,6190.0,TIME_EXIT
2021-10-07,LONG,10:15,15:15,17798.3,17797.2,-1.1,50,-55.0,TIME_EXIT
2021-10-12,LONG,14:15,15:15,17975.7,18005.3,29.6,50,1480.0,TIME_EXIT
2021-10-19,SHORT,14:30,15:15,18498.5,18427.2,71.3,50,3565.0,TIME_EXIT
2021-10-22,SHORT,12:00,15:15,18147.8,18111.5,36.3,50,1815.0,TIME_EXIT
2021-10-25,LONG,11:45,14:30,18168.8,18109.3,-59.5,50,-2975.0,SIGNAL_FLIP
2021-10-25,SHORT,14:30,14:45,18109.3,18132.7,-23.4,50,-1170.0,SIGNAL_FLIP
2021-10-25,LONG,14:45,15:00,18132.7,18119.2,-13.5,50,-675.0,SIGNAL_FLIP
2021-10-25,SHORT,15:00,15:15,18119.2,18136.5,-17.3,50,-865.0,TIME_EXIT
2021-10-26,SHORT,11:45,12:15,18136.7,18170.6,-33.9,50,-1695.0,SIGNAL_FLIP
2021-10-26,LONG,12:15,12:30,18170.6,18123.8,-46.8,50,-2340.0,SIGNAL_FLIP
2021-10-26,SHORT,12:30,13:00,18123.8,18165.0,-41.2,50,-2060.0,SIGNAL_FLIP
2021-10-26,LONG,13:00,15:15,18165.0,18308.9,143.9,50,7195.0,TIME_EXIT
2021-10-27,SHORT,14:30,15:15,18221.6,18181.5,40.1,50,2005.0,TIME_EXIT
2021-11-01,LONG,12:15,15:15,17794.4,17945.2,150.8,50,7540.0,TIME_EXIT
2021-11-02,SHORT,14:00,15:15,17889.4,17889.2,0.2,50,10.0,TIME_EXIT
2021-11-03,SHORT,12:15,15:15,17873.5,17833.0,40.5,50,2025.0,TIME_EXIT
2021-11-04,LONG,18:45,19:00,17923.5,17918.9,-4.6,50,-230.0,TIME_EXIT
2021-11-08,SHORT,10:15,10:30,17865.3,17890.3,-25.0,50,-1250.0,SIGNAL_FLIP
2021-11-08,LONG,10:30,15:15,17890.3,18080.7,190.4,50,9520.0,TIME_EXIT
2021-11-09,SHORT,14:00,14:15,18019.2,18048.1,-28.9,50,-1445.0,SIGNAL_FLIP
2021-11-09,LONG,14:15,14:30,18048.1,18020.2,-27.9,50,-1395.0,SIGNAL_FLIP
2021-11-09,SHORT,14:30,15:15,18020.2,18050.8,-30.6,50,-1530.0,TIME_EXIT
2021-11-10,LONG,13:45,15:15,18035.6,18011.9,-23.7,50,-1185.0,TIME_EXIT
2021-11-16,LONG,13:00,14:15,18118.1,17993.4,-124.7,50,-6235.0,SIGNAL_FLIP
2021-11-16,SHORT,14:15,15:15,17993.4,17964.3,29.1,50,1455.0,TIME_EXIT
2021-11-23,LONG,13:15,15:15,17497.9,17495.1,-2.8,50,-140.0,TIME_EXIT
2021-11-24,SHORT,14:30,15:15,17474.8,17357.8,117.0,50,5850.0,TIME_EXIT
2021-11-25,LONG,12:15,15:15,17509.2,17547.0,37.8,50,1890.0,TIME_EXIT
2021-11-29,LONG,12:15,13:00,17140.3,17089.3,-51.0,50,-2550.0,SIGNAL_FLIP
2021-11-29,SHORT,13:00,13:15,17089.3,17121.6,-32.3,50,-1615.0,SIGNAL_FLIP
2021-11-29,LONG,13:15,14:15,17121.6,17043.8,-77.8,50,-3890.0,SIGNAL_FLIP
2021-11-29,SHORT,14:15,15:15,17043.8,17039.7,4.1,50,205.0,TIME_EXIT
2021-11-30,SHORT,11:45,14:15,17090.7,17164.1,-73.4,50,-3670.0,SIGNAL_FLIP
2021-11-30,LONG,14:15,14:30,17164.1,17088.9,-75.2,50,-3760.0,SIGNAL_FLIP
2021-11-30,SHORT,14:30,15:15,17088.9,16975.2,113.7,50,5685.0,TIME_EXIT
2021-12-01,LONG,10:30,14:00,17156.0,17089.6,-66.4,50,-3320.0,SIGNAL_FLIP
2021-12-01,SHORT,14:00,14:45,17089.6,17171.0,-81.4,50,-4070.0,SIGNAL_FLIP
2021-12-01,LONG,14:45,15:15,17171.0,17185.9,14.9,50,745.0,TIME_EXIT
2021-12-03,SHORT,13:00,15:15,17289.6,17210.3,79.3,50,3965.0,TIME_EXIT
2021-12-07,LONG,10:30,15:15,17133.8,17180.5,46.7,50,2335.0,TIME_EXIT
2021-12-10,SHORT,11:00,14:30,17461.1,17488.2,-27.1,50,-1355.0,SIGNAL_FLIP
2021-12-10,LONG,14:30,15:15,17488.2,17499.2,11.0,50,550.0,TIME_EXIT
2021-12-13,SHORT,12:30,15:15,17457.3,17384.5,72.8,50,3640.0,TIME_EXIT
2021-12-15,LONG,14:30,15:00,17301.1,17221.2,-79.9,50,-3995.0,SIGNAL_FLIP
2021-12-15,SHORT,15:00,15:15,17221.2,17208.3,12.9,50,645.0,TIME_EXIT
2021-12-16,SHORT,11:30,15:15,17243.4,17285.6,-42.2,50,-2110.0,TIME_EXIT
2021-12-21,SHORT,14:45,15:15,16788.4,16786.9,1.5,50,75.0,TIME_EXIT
2021-12-24,SHORT,09:45,14:00,17003.4,17041.4,-38.0,50,-1900.0,SIGNAL_FLIP
2021-12-24,LONG,14:00,15:15,17041.4,16999.9,-41.5,50,-2075.0,TIME_EXIT
2021-12-27,LONG,11:00,15:15,17011.4,17101.9,90.5,50,4525.0,TIME_EXIT
2021-12-29,SHORT,12:15,12:45,17205.4,17236.1,-30.7,50,-1535.0,SIGNAL_FLIP
2021-12-29,LONG,12:45,15:15,17236.1,17189.6,-46.5,50,-2325.0,TIME_EXIT
2021-12-30,LONG,10:00,11:30,17247.9,17206.9,-41.0,50,-2050.0,SIGNAL_FLIP
2021-12-30,SHORT,11:30,12:15,17206.9,17248.2,-41.3,50,-2065.0,SIGNAL_FLIP
2021-12-30,LONG,12:15,14:30,17248.2,17216.8,-31.4,50,-1570.0,SIGNAL_FLIP
2021-12-30,SHORT,14:30,15:15,17216.8,17228.9,-12.1,50,-605.0,TIME_EXIT
2022-01-07,SHORT,12:30,15:15,17728.8,17818.2,-89.4,50,-4470.0,TIME_EXIT
2022-01-14,SHORT,10:00,13:15,18202.8,18217.6,-14.8,50,-740.0,SIGNAL_FLIP
2022-01-14,LONG,13:15,15:15,18217.6,18235.5,17.9,50,895.0,TIME_EXIT
2022-01-18,SHORT,09:45,13:00,18218.9,18310.7,-91.8,50,-4590.0,SIGNAL_FLIP
2022-01-18,LONG,13:00,14:15,18310.7,18245.7,-65.0,50,-3250.0,SIGNAL_FLIP
2022-01-18,SHORT,14:15,15:15,18245.7,18113.8,131.9,50,6595.0,TIME_EXIT
2022-01-25,LONG,13:45,15:15,17215.3,17267.3,52.0,50,2600.0,TIME_EXIT
2022-01-27,LONG,14:15,15:15,17144.3,17149.3,5.0,50,250.0,TIME_EXIT
2022-01-28,SHORT,14:15,15:15,17147.9,17106.3,41.6,50,2080.0,TIME_EXIT
2022-01-31,LONG,09:45,15:15,17322.2,17338.3,16.1,50,805.0,TIME_EXIT
2022-02-03,SHORT,10:30,15:15,17713.4,17520.2,193.2,50,9660.0,TIME_EXIT
2022-02-08,LONG,14:45,15:15,17252.9,17240.3,-12.6,50,-630.0,TIME_EXIT
2022-02-15,LONG,12:00,15:15,17070.5,17351.8,281.3,50,14065.0,TIME_EXIT
2022-02-17,SHORT,09:45,11:15,17321.3,17375.4,-54.1,50,-2705.0,SIGNAL_FLIP
2022-02-17,LONG,11:15,14:30,17375.4,17322.6,-52.8,50,-2640.0,SIGNAL_FLIP
2022-02-17,SHORT,14:30,15:15,17322.6,17280.2,42.4,50,2120.0,TIME_EXIT
2022-02-18,LONG,12:30,14:15,17360.9,17278.2,-82.7,50,-4135.0,SIGNAL_FLIP
2022-02-18,SHORT,14:15,15:15,17278.2,17268.8,9.4,50,470.0,TIME_EXIT
2022-02-21,LONG,12:15,14:30,17281.4,17195.5,-85.9,50,-4295.0,SIGNAL_FLIP
2022-02-21,SHORT,14:30,15:15,17195.5,17205.8,-10.3,50,-515.0,TIME_EXIT
2022-02-22,LONG,14:30,15:15,17112.6,17080.6,-32.0,50,-1600.0,TIME_EXIT
2022-02-23,SHORT,15:00,15:15,17047.8,17054.7,-6.9,50,-345.0,TIME_EXIT
2022-02-25,LONG,10:15,15:15,16666.7,16668.8,2.1,50,105.0,TIME_EXIT
2022-02-28,LONG,11:45,15:15,16683.9,16789.4,105.5,50,5275.0,TIME_EXIT
2022-03-02,SHORT,10:00,15:15,16591.7,16625.8,-34.1,50,-1705.0,TIME_EXIT
2022-03-03,SHORT,12:45,15:15,16536.1,16508.8,27.3,50,1365.0,TIME_EXIT
2022-03-04,LONG,13:45,14:30,16428.1,16286.7,-141.4,50,-7070.0,SIGNAL_FLIP
2022-03-04,SHORT,14:30,15:15,16286.7,16243.5,43.2,50,2160.0,TIME_EXIT
2022-03-08,LONG,14:30,15:15,15954.4,16017.4,63.0,50,3150.0,TIME_EXIT
2022-03-15,SHORT,13:00,15:15,16736.6,16645.0,91.6,50,4580.0,TIME_EXIT
2022-03-21,SHORT,11:45,15:15,17234.2,17113.8,120.4,50,6020.0,TIME_EXIT
2022-03-22,LONG,13:00,15:15,17229.8,17329.8,100.0,50,5000.0,TIME_EXIT
2022-03-23,SHORT,12:45,15:15,17236.3,17223.6,12.7,50,635.0,TIME_EXIT
2022-03-28,LONG,12:45,15:15,17196.8,17214.7,17.9,50,895.0,TIME_EXIT
2022-03-31,SHORT,13:45,15:15,17480.3,17468.8,11.5,50,575.0,TIME_EXIT
2022-04-01,LONG,09:45,15:15,17527.4,17688.3,160.9,50,8045.0,TIME_EXIT
2022-04-05,SHORT,15:00,15:15,17949.7,17930.8,18.9,50,945.0,TIME_EXIT
2022-04-08,LONG,12:15,15:15,17734.2,17800.3,66.1,50,3305.0,TIME_EXIT
2022-04-11,SHORT,10:00,13:00,17708.5,17740.8,-32.3,50,-1615.0,SIGNAL_FLIP
2022-04-11,LONG,13:00,14:45,17740.8,17693.8,-47.0,50,-2350.0,SIGNAL_FLIP
2022-04-11,SHORT,14:45,15:15,17693.8,17679.7,14.1,50,705.0,TIME_EXIT
2022-04-13,SHORT,11:00,15:15,17543.7,17467.4,76.3,50,3815.0,TIME_EXIT
2022-04-19,LONG,11:30,14:45,17222.9,17133.8,-89.1,50,-4455.0,SIGNAL_FLIP
2022-04-19,SHORT,14:45,15:15,17133.8,16869.2,264.6,50,13230.0,TIME_EXIT
2022-04-20,LONG,12:45,13:45,17181.2,17083.3,-97.9,50,-4895.0,SIGNAL_FLIP
2022-04-20,SHORT,13:45,15:15,17083.3,17149.6,-66.3,50,-3315.0,TIME_EXIT
2022-04-22,SHORT,09:45,15:15,17235.2,17172.1,63.1,50,3155.0,TIME_EXIT
2022-04-27,SHORT,09:45,15:15,17084.4,17037.7,46.7,50,2335.0,TIME_EXIT
2022-04-29,SHORT,14:45,15:15,17277.4,17111.6,165.8,50,8290.0,TIME_EXIT
2022-05-05,LONG,11:00,12:00,16920.4,16843.7,-76.7,50,-3835.0,SIGNAL_FLIP
2022-05-05,SHORT,12:00,15:15,16843.7,16669.2,174.5,50,8725.0,TIME_EXIT
2022-05-10,LONG,11:45,14:45,16354.9,16278.3,-76.6,50,-3830.0,SIGNAL_FLIP
2022-05-10,SHORT,14:45,15:15,16278.3,16207.8,70.5,50,3525.0,TIME_EXIT
2022-05-13,LONG,09:45,14:30,15915.5,15846.6,-68.9,50,-3445.0,SIGNAL_FLIP
2022-05-13,SHORT,14:30,15:15,15846.6,15767.2,79.4,50,3970.0,TIME_EXIT
2022-05-18,SHORT,15:00,15:15,16236.2,16256.5,-20.3,50,-1015.0,TIME_EXIT
2022-05-23,SHORT,14:45,15:15,16260.0,16191.7,68.3,50,3415.0,TIME_EXIT
2022-05-26,LONG,13:15,15:15,16128.8,16201.5,72.7,50,3635.0,TIME_EXIT
2022-05-31,SHORT,10:00,10:30,16591.8,16640.3,-48.5,50,-2425.0,SIGNAL_FLIP
2022-05-31,LONG,10:30,15:00,16640.3,16556.8,-83.5,50,-4175.0,SIGNAL_FLIP
2022-05-31,SHORT,15:00,15:15,16556.8,16578.2,-21.4,50,-1070.0,TIME_EXIT
2022-06-02,LONG,11:45,15:15,16552.3,16637.4,85.1,50,4255.0,TIME_EXIT
2022-06-03,SHORT,14:15,15:15,16644.9,16583.6,61.3,50,3065.0,TIME_EXIT
2022-06-06,LONG,13:45,15:15,16601.2,16563.7,-37.5,50,-1875.0,TIME_EXIT
2022-06-08,LONG,10:45,13:30,16453.2,16359.1,-94.1,50,-4705.0,SIGNAL_FLIP
2022-06-08,SHORT,13:30,15:15,16359.1,16335.4,23.7,50,1185.0,TIME_EXIT
2022-06-09,LONG,12:30,13:00,16398.2,16348.0,-50.2,50,-2510.0,SIGNAL_FLIP
2022-06-09,SHORT,13:00,13:45,16348.0,16374.5,-26.5,50,-1325.0,SIGNAL_FLIP
2022-06-09,LONG,13:45,15:15,16374.5,16481.8,107.3,50,5365.0,TIME_EXIT
2022-06-14,LONG,11:15,12:30,15834.1,15769.4,-64.7,50,-3235.0,SIGNAL_FLIP
2022-06-14,SHORT,12:30,15:15,15769.4,15742.0,27.4,50,1370.0,TIME_EXIT
2022-06-15,LONG,12:30,14:45,15769.5,15730.1,-39.4,50,-1970.0,SIGNAL_FLIP
2022-06-15,SHORT,14:45,15:15,15730.1,15682.9,47.2,50,2360.0,TIME_EXIT
2022-06-16,SHORT,10:30,15:15,15713.3,15348.2,365.1,50,18255.0,TIME_EXIT
2022-06-20,LONG,12:00,13:45,15330.2,15292.5,-37.7,50,-1885.0,SIGNAL_FLIP
2022-06-20,SHORT,13:45,15:15,15292.5,15368.9,-76.4,50,-3820.0,TIME_EXIT
2022-06-23,LONG,09:45,12:45,15563.3,15425.1,-138.2,50,-6910.0,SIGNAL_FLIP
2022-06-23,SHORT,12:45,14:30,15425.1,15585.2,-160.1,50,-8005.0,SIGNAL_FLIP
2022-06-23,LONG,14:30,15:15,15585.2,15577.5,-7.7,50,-385.0,TIME_EXIT
2022-06-28,LONG,14:00,15:15,15793.7,15874.8,81.1,50,4055.0,TIME_EXIT
2022-06-29,LONG,12:00,15:15,15808.8,15783.3,-25.5,50,-1275.0,TIME_EXIT
2022-06-30,SHORT,11:00,14:00,15775.2,15846.0,-70.8,50,-3540.0,SIGNAL_FLIP
2022-06-30,LONG,14:00,15:15,15846.0,15735.9,-110.1,50,-5505.0,TIME_EXIT
2022-07-01,LONG,15:00,15:15,15747.3,15764.0,16.7,50,835.0,TIME_EXIT
2022-07-05,SHORT,14:15,15:15,15870.8,15800.0,70.8,50,3540.0,TIME_EXIT
2022-07-06,LONG,12:30,15:15,15922.8,16008.0,85.2,50,4260.0,TIME_EXIT
2022-07-11,SHORT,09:45,13:30,16144.7,16191.3,-46.6,50,-2330.0,SIGNAL_FLIP
2022-07-11,LONG,13:30,15:15,16191.3,16199.0,7.7,50,385.0,TIME_EXIT
2022-07-12,SHORT,09:45,15:15,16140.9,16037.8,103.1,50,5155.0,TIME_EXIT
2022-07-15,LONG,10:00,12:15,15990.0,15947.2,-42.8,50,-2140.0,SIGNAL_FLIP
2022-07-15,SHORT,12:15,13:00,15947.2,15979.5,-32.3,50,-1615.0,SIGNAL_FLIP
2022-07-15,LONG,13:00,15:15,15979.5,16052.8,73.3,50,3665.0,TIME_EXIT
2022-07-25,SHORT,10:00,14:15,16622.2,16679.2,-57.0,50,-2850.0,SIGNAL_FLIP
2022-07-25,LONG,14:15,15:15,16679.2,16610.1,-69.1,50,-3455.0,TIME_EXIT
2022-07-27,LONG,11:00,15:15,16543.7,16642.8,99.1,50,4955.0,TIME_EXIT
2022-08-02,SHORT,10:45,11:30,17259.7,17300.5,-40.8,50,-2040.0,SIGNAL_FLIP
2022-08-02,LONG,11:30,12:45,17300.5,17266.3,-34.2,50,-1710.0,SIGNAL_FLIP
2022-08-02,SHORT,12:45,13:30,17266.3,17286.8,-20.5,50,-1025.0,SIGNAL_FLIP
2022-08-02,LONG,13:30,15:15,17286.8,17294.8,8.0,50,400.0,TIME_EXIT
2022-08-03,SHORT,10:30,14:00,17276.3,17305.4,-29.1,50,-1455.0,SIGNAL_FLIP
2022-08-03,LONG,14:00,15:15,17305.4,17392.9,87.5,50,4375.0,TIME_EXIT
2022-08-04,SHORT,11:45,15:00,17238.3,17377.4,-139.1,50,-6955.0,SIGNAL_FLIP
2022-08-04,LONG,15:00,15:15,17377.4,17364.0,-13.4,50,-670.0,TIME_EXIT
2022-08-05,SHORT,14:15,15:15,17365.6,17389.1,-23.5,50,-1175.0,TIME_EXIT
2022-08-10,SHORT,13:30,14:00,17500.1,17531.2,-31.1,50,-1555.0,SIGNAL_FLIP
2022-08-10,LONG,14:00,15:15,17531.2,17523.8,-7.4,50,-370.0,TIME_EXIT
2022-08-18,SHORT,11:15,14:15,17876.8,17915.4,-38.6,50,-1930.0,SIGNAL_FLIP
2022-08-18,LONG,14:15,15:15,17915.4,17964.4,49.0,50,2450.0,TIME_EXIT
2022-08-19,SHORT,11:15,15:15,17840.5,17726.9,113.6,50,5680.0,TIME_EXIT
2022-08-23,LONG,13:30,15:15,17562.8,17623.3,60.5,50,3025.0,TIME_EXIT
2022-08-24,SHORT,13:15,14:45,17529.6,17584.4,-54.8,50,-2740.0,SIGNAL_FLIP
2022-08-24,LONG,14:45,15:15,17584.4,17607.6,23.2,50,1160.0,TIME_EXIT
2022-08-25,SHORT,14:45,15:15,17570.1,17508.2,61.9,50,3095.0,TIME_EXIT
2022-09-01,SHORT,12:30,15:15,17609.1,17563.2,45.9,50,2295.0,TIME_EXIT
2022-09-02,LONG,12:45,15:15,17576.9,17527.8,-49.1,50,-2455.0,TIME_EXIT
2022-09-06,SHORT,10:30,11:15,17605.4,17654.6,-49.2,50,-2460.0,SIGNAL_FLIP
2022-09-06,LONG,11:15,15:00,17654.6,17653.1,-1.5,50,-75.0,SIGNAL_FLIP
2022-09-06,SHORT,15:00,15:15,17653.1,17651.6,1.5,50,75.0,TIME_EXIT
2022-09-07,LONG,13:15,15:15,17647.8,17629.5,-18.3,50,-915.0,TIME_EXIT
2022-09-14,LONG,12:45,15:15,18018.9,18000.7,-18.2,50,-910.0,TIME_EXIT
2022-09-15,SHORT,10:00,15:15,17971.6,17872.3,99.3,50,4965.0,TIME_EXIT
2022-09-19,LONG,12:30,12:45,17631.2,17619.2,-12.0,50,-600.0,SIGNAL_FLIP
2022-09-19,SHORT,12:45,13:45,17619.2,17655.9,-36.7,50,-1835.0,SIGNAL_FLIP
2022-09-19,LONG,13:45,15:15,17655.9,17631.8,-24.1,50,-1205.0,TIME_EXIT
2022-09-22,LONG,14:15,15:15,17692.1,17635.9,-56.2,50,-2810.0,TIME_EXIT
2022-09-27,LONG,13:30,14:15,17092.8,17028.8,-64.0,50,-3200.0,SIGNAL_FLIP
2022-09-27,SHORT,14:15,15:15,17028.8,17043.4,-14.6,50,-730.0,TIME_EXIT
2022-09-30,LONG,10:45,15:15,16931.9,17107.2,175.3,50,8765.0,TIME_EXIT
2022-10-03,SHORT,10:15,15:15,16965.8,16876.0,89.8,50,4490.0,TIME_EXIT
2022-10-07,LONG,14:45,15:15,17323.7,17316.2,-7.5,50,-375.0,TIME_EXIT
2022-10-10,LONG,12:45,14:00,17270.2,17159.3,-110.9,50,-5545.0,SIGNAL_FLIP
2022-10-10,SHORT,14:00,14:45,17159.3,17232.6,-73.3,50,-3665.0,SIGNAL_FLIP
2022-10-10,LONG,14:45,15:15,17232.6,17252.4,19.8,50,990.0,TIME_EXIT
2022-10-11,SHORT,09:45,15:15,17152.1,16964.2,187.9,50,9395.0,TIME_EXIT
2022-10-12,LONG,14:00,15:15,17091.6,17129.1,37.5,50,1875.0,TIME_EXIT
2022-10-13,SHORT,10:00,14:30,17029.1,17074.9,-45.8,50,-2290.0,SIGNAL_FLIP
2022-10-13,LONG,14:30,15:00,17074.9,17017.8,-57.1,50,-2855.0,SIGNAL_FLIP
2022-10-13,SHORT,15:00,15:15,17017.8,17017.8,-0.0,50,-0.0,TIME_EXIT
2022-10-14,SHORT,15:00,15:15,17180.5,17200.3,-19.8,50,-990.0,TIME_EXIT
2022-10-17,LONG,11:00,15:15,17263.7,17320.6,56.9,50,2845.0,TIME_EXIT
2022-10-19,SHORT,14:45,15:15,17496.6,17518.8,-22.2,50,-1110.0,TIME_EXIT
2022-10-20,LONG,13:15,13:30,17514.1,17481.7,-32.4,50,-1620.0,SIGNAL_FLIP
2022-10-20,SHORT,13:30,14:30,17481.7,17530.4,-48.7,50,-2435.0,SIGNAL_FLIP
2022-10-20,LONG,14:30,15:15,17530.4,17565.2,34.8,50,1740.0,TIME_EXIT
2022-10-21,SHORT,14:15,15:15,17531.0,17583.8,-52.8,50,-2640.0,TIME_EXIT
2022-10-27,SHORT,12:30,15:15,17685.3,17758.9,-73.6,50,-3680.0,TIME_EXIT
2022-10-28,SHORT,13:45,15:00,17728.6,17791.2,-62.6,50,-3130.0,SIGNAL_FLIP
2022-10-28,LONG,15:00,15:15,17791.2,17795.9,4.7,50,235.0,TIME_EXIT
2022-11-02,SHORT,11:45,15:15,18099.8,18072.1,27.7,50,1385.0,TIME_EXIT
2022-11-04,SHORT,09:45,12:30,18034.9,18048.8,-13.9,50,-695.0,SIGNAL_FLIP
2022-11-04,LONG,12:30,15:15,18048.8,18127.9,79.1,50,3955.0,TIME_EXIT
2022-11-07,SHORT,13:30,14:15,18087.6,18155.9,-68.3,50,-3415.0,SIGNAL_FLIP
2022-11-07,LONG,14:15,15:15,18155.9,18203.3,47.4,50,2370.0,TIME_EXIT
2022-11-09,SHORT,14:45,15:15,18135.9,18121.1,14.8,50,740.0,TIME_EXIT
2022-11-15,LONG,13:15,15:15,18339.5,18421.6,82.1,50,4105.0,TIME_EXIT
2022-11-17,LONG,09:45,10:00,18413.7,18382.1,-31.6,50,-1580.0,SIGNAL_FLIP
2022-11-17,SHORT,10:00,13:15,18382.1,18397.6,-15.5,50,-775.0,SIGNAL_FLIP
2022-11-17,LONG,13:15,15:00,18397.6,18323.2,-74.4,50,-3720.0,SIGNAL_FLIP
2022-11-17,SHORT,15:00,15:15,18323.2,18333.9,-10.7,50,-535.0,TIME_EXIT
2022-11-22,LONG,10:00,15:15,18207.2,18251.5,44.3,50,2215.0,TIME_EXIT
2022-11-30,SHORT,09:45,10:00,18629.9,18643.7,-13.8,50,-690.0,SIGNAL_FLIP
2022-11-30,LONG,10:00,10:15,18643.7,18632.6,-11.1,50,-555.0,SIGNAL_FLIP
2022-11-30,SHORT,10:15,11:30,18632.6,18653.2,-20.6,50,-1030.0,SIGNAL_FLIP
2022-11-30,LONG,11:30,15:15,18653.2,18776.9,123.7,50,6185.0,TIME_EXIT
2022-12-05,LONG,12:30,13:30,18696.9,18641.8,-55.1,50,-2755.0,SIGNAL_FLIP
2022-12-05,SHORT,13:30,14:45,18641.8,18673.5,-31.7,50,-1585.0,SIGNAL_FLIP
2022-12-05,LONG,14:45,15:15,18673.5,18694.1,20.6,50,1030.0,TIME_EXIT
2022-12-07,SHORT,10:45,15:15,18580.7,18551.6,29.1,50,1455.0,TIME_EXIT
2022-12-08,LONG,14:15,15:15,18595.8,18614.4,18.6,50,930.0,TIME_EXIT
2022-12-09,SHORT,10:45,15:15,18556.4,18493.2,63.2,50,3160.0,TIME_EXIT
2022-12-19,LONG,11:30,15:15,18368.3,18426.2,57.9,50,2895.0,TIME_EXIT
2022-12-20,LONG,14:15,15:15,18328.6,18385.8,57.2,50,2860.0,TIME_EXIT
2022-12-21,SHORT,12:30,15:15,18295.0,18207.6,87.4,50,4370.0,TIME_EXIT
2022-12-26,LONG,10:45,15:15,17959.8,18009.6,49.8,50,2490.0,TIME_EXIT
2022-12-29,LONG,14:00,15:15,18085.1,18210.4,125.3,50,6265.0,TIME_EXIT
2022-12-30,SHORT,15:00,15:15,18098.3,18117.1,-18.8,50,-940.0,TIME_EXIT
2023-01-02,LONG,11:15,12:45,18183.9,18158.0,-25.9,50,-1295.0,SIGNAL_FLIP
2023-01-02,SHORT,12:45,13:00,18158.0,18182.3,-24.3,50,-1215.0,SIGNAL_FLIP
2023-01-02,LONG,13:00,13:45,18182.3,18163.1,-19.2,50,-960.0,SIGNAL_FLIP
2023-01-02,SHORT,13:45,15:00,18163.1,18193.1,-30.0,50,-1500.0,SIGNAL_FLIP
2023-01-02,LONG,15:00,15:15,18193.1,18208.9,15.8,50,790.0,TIME_EXIT
2023-01-03,SHORT,13:00,13:45,18184.6,18221.2,-36.6,50,-1830.0,SIGNAL_FLIP
2023-01-03,LONG,13:45,15:15,18221.2,18234.3,13.1,50,655.0,TIME_EXIT
2023-01-04,SHORT,09:45,15:15,18128.3,18036.8,91.5,50,4575.0,TIME_EXIT
2023-01-10,SHORT,09:45,15:15,17983.7,17925.3,58.4,50,2920.0,TIME_EXIT
2023-01-13,LONG,12:00,15:15,17851.1,17950.5,99.4,50,4970.0,TIME_EXIT
2023-01-16,SHORT,12:15,15:15,17904.3,17891.7,12.6,50,630.0,TIME_EXIT
2023-01-19,SHORT,09:45,11:30,18098.2,18143.1,-44.9,50,-2245.0,SIGNAL_FLIP
2023-01-19,LONG,11:30,13:00,18143.1,18117.2,-25.9,50,-1295.0,SIGNAL_FLIP
2023-01-19,SHORT,13:00,15:15,18117.2,18089.1,28.1,50,1405.0,TIME_EXIT
2023-01-20,LONG,10:30,11:00,18140.8,18104.3,-36.5,50,-1825.0,SIGNAL_FLIP
2023-01-20,SHORT,11:00,11:15,18104.3,18114.5,-10.2,50,-510.0,SIGNAL_FLIP
2023-01-20,LONG,11:15,11:30,18114.5,18109.4,-5.1,50,-255.0,SIGNAL_FLIP
2023-01-20,SHORT,11:30,15:15,18109.4,18027.3,82.1,50,4105.0,TIME_EXIT
2023-01-23,LONG,09:45,13:00,18154.9,18087.4,-67.5,50,-3375.0,SIGNAL_FLIP
2023-01-23,SHORT,13:00,13:30,18087.4,18120.7,-33.3,50,-1665.0,SIGNAL_FLIP
2023-01-23,LONG,13:30,15:15,18120.7,18104.9,-15.8,50,-790.0,TIME_EXIT
2023-01-24,SHORT,13:15,15:15,18121.9,18101.2,20.7,50,1035.0,TIME_EXIT
2023-01-30,LONG,15:00,15:15,17656.0,17667.2,11.2,50,560.0,TIME_EXIT
2023-02-01,SHORT,14:15,15:15,17603.6,17605.4,-1.8,50,-90.0,TIME_EXIT
2023-02-06,SHORT,12:30,13:30,17725.7,17764.9,-39.2,50,-1960.0,SIGNAL_FLIP
2023-02-06,LONG,13:30,15:15,17764.9,17762.0,-2.9,50,-145.0,TIME_EXIT
2023-02-07,SHORT,11:45,14:45,17731.9,17763.9,-32.0,50,-1600.0,SIGNAL_FLIP
2023-02-07,LONG,14:45,15:00,17763.9,17720.0,-43.9,50,-2195.0,SIGNAL_FLIP
2023-02-07,SHORT,15:00,15:15,17720.0,17720.4,-0.4,50,-20.0,TIME_EXIT
2023-02-09,SHORT,12:30,13:45,17827.4,17893.2,-65.8,50,-3290.0,SIGNAL_FLIP
2023-02-09,LONG,13:45,15:15,17893.2,17897.1,3.9,50,195.0,TIME_EXIT
2023-02-10,SHORT,09:45,15:15,17824.7,17843.3,-18.6,50,-930.0,TIME_EXIT
2023-02-20,LONG,11:00,11:15,17964.8,17933.7,-31.1,50,-1555.0,SIGNAL_FLIP
2023-02-20,SHORT,11:15,15:15,17933.7,17847.7,86.0,50,4300.0,TIME_EXIT
2023-02-21,LONG,11:00,12:00,17908.2,17862.9,-45.3,50,-2265.0,SIGNAL_FLIP
2023-02-21,SHORT,12:00,15:15,17862.9,17842.1,20.8,50,1040.0,TIME_EXIT
2023-02-28,SHORT,11:30,12:15,17345.3,17391.7,-46.4,50,-2320.0,SIGNAL_FLIP
2023-02-28,LONG,12:15,12:30,17391.7,17354.6,-37.1,50,-1855.0,SIGNAL_FLIP
2023-02-28,SHORT,12:30,15:15,17354.6,17317.2,37.4,50,1870.0,TIME_EXIT
2023-03-01,LONG,09:45,15:15,17389.4,17457.2,67.8,50,3390.0,TIME_EXIT
2023-03-02,SHORT,09:45,15:15,17348.0,17318.7,29.3,50,1465.0,TIME_EXIT
2023-03-08,LONG,14:15,15:15,17714.2,17751.5,37.3,50,1865.0,TIME_EXIT
2023-03-09,SHORT,10:45,11:00,17694.4,17703.6,-9.2,50,-460.0,SIGNAL_FLIP
2023-03-09,LONG,11:00,12:00,17703.6,17680.7,-22.9,50,-1145.0,SIGNAL_FLIP
2023-03-09,SHORT,12:00,15:15,17680.7,17582.8,97.9,50,4895.0,TIME_EXIT
2023-03-13,LONG,10:00,11:00,17455.6,17393.9,-61.7,50,-3085.0,SIGNAL_FLIP
2023-03-13,SHORT,11:00,15:15,17393.9,17184.6,209.3,50,10465.0,TIME_EXIT
2023-03-15,LONG,09:45,12:45,17141.8,17063.2,-78.6,50,-3930.0,SIGNAL_FLIP
2023-03-15,SHORT,12:45,15:15,17063.2,16973.8,89.4,50,4470.0,TIME_EXIT
2023-03-16,LONG,14:15,15:15,17054.9,17010.4,-44.5,50,-2225.0,TIME_EXIT
2023-03-17,SHORT,12:15,14:00,16978.6,17058.2,-79.6,50,-3980.0,SIGNAL_FLIP
2023-03-17,LONG,14:00,15:15,17058.2,17123.7,65.5,50,3275.0,TIME_EXIT
2023-03-20,LONG,15:00,15:15,16987.3,17003.4,16.1,50,805.0,TIME_EXIT
2023-03-23,LONG,10:15,14:15,17168.3,17105.9,-62.4,50,-3120.0,SIGNAL_FLIP
2023-03-23,SHORT,14:15,15:15,17105.9,17068.4,37.5,50,1875.0,TIME_EXIT
2023-03-27,LONG,12:15,13:15,17043.8,16987.9,-55.9,50,-2795.0,SIGNAL_FLIP
2023-03-27,SHORT,13:15,13:45,16987.9,17042.7,-54.8,50,-2740.0,SIGNAL_FLIP
2023-03-27,LONG,13:45,15:15,17042.7,16963.4,-79.3,50,-3965.0,TIME_EXIT
2023-03-29,SHORT,12:00,13:15,16952.0,17018.0,-66.0,50,-3300.0,SIGNAL_FLIP
2023-03-29,LONG,13:15,15:15,17018.0,17115.6,97.6,50,4880.0,TIME_EXIT
2023-04-10,SHORT,14:45,15:15,17627.0,17613.1,13.9,50,695.0,TIME_EXIT
2023-04-13,SHORT,11:00,14:15,17747.6,17801.7,-54.1,50,-2705.0,SIGNAL_FLIP
2023-04-13,LONG,14:15,15:15,17801.7,17828.2,26.5,50,1325.0,TIME_EXIT
2023-04-17,LONG,15:00,15:15,17711.3,17704.1,-7.2,50,-360.0,TIME_EXIT
2023-04-18,SHORT,10:15,12:45,17668.9,17705.6,-36.7,50,-1835.0,SIGNAL_FLIP
2023-04-18,LONG,12:45,13:15,17705.6,17664.3,-41.3,50,-2065.0,SIGNAL_FLIP
2023-04-18,SHORT,13:15,15:15,17664.3,17661.6,2.7,50,135.0,TIME_EXIT
2023-04-20,SHORT,10:15,15:15,17608.7,17623.9,-15.2,50,-760.0,TIME_EXIT
2023-04-21,SHORT,10:15,14:30,17597.6,17615.8,-18.2,50,-910.0,SIGNAL_FLIP
2023-04-21,LONG,14:30,15:15,17615.8,17618.9,3.1,50,155.0,TIME_EXIT
2023-04-26,SHORT,09:45,11:00,17738.2,17774.1,-35.9,50,-1795.0,SIGNAL_FLIP
2023-04-26,LONG,11:00,15:15,17774.1,17817.9,43.8,50,2190.0,TIME_EXIT
2023-05-05,SHORT,11:30,15:15,18140.8,18069.9,70.9,50,3545.0,TIME_EXIT
2023-05-08,LONG,09:45,15:15,18211.7,18269.8,58.1,50,2905.0,TIME_EXIT
2023-05-09,SHORT,13:45,15:15,18254.9,18258.3,-3.4,50,-170.0,TIME_EXIT
2023-05-10,LONG,12:30,15:15,18286.3,18311.0,24.7,50,1235.0,TIME_EXIT
2023-05-11,SHORT,15:00,15:15,18298.9,18304.5,-5.6,50,-280.0,TIME_EXIT
2023-05-12,LONG,12:45,15:15,18307.4,18312.2,4.8,50,240.0,TIME_EXIT
2023-05-16,SHORT,10:15,15:15,18385.8,18276.8,109.0,50,5450.0,TIME_EXIT
2023-05-18,SHORT,12:45,15:15,18186.2,18134.7,51.5,50,2575.0,TIME_EXIT
2023-05-19,LONG,14:15,15:15,18167.2,18205.4,38.2,50,1910.0,TIME_EXIT
2023-05-24,LONG,11:15,11:30,18386.1,18361.8,-24.3,50,-1215.0,SIGNAL_FLIP
2023-05-24,SHORT,11:30,15:15,18361.8,18287.0,74.8,50,3740.0,TIME_EXIT
2023-05-25,LONG,15:00,15:15,18328.7,18335.9,7.2,50,360.0,TIME_EXIT
2023-06-01,LONG,09:45,13:45,18571.4,18528.2,-43.2,50,-2160.0,SIGNAL_FLIP
2023-06-01,SHORT,13:45,15:15,18528.2,18486.1,42.1,50,2105.0,TIME_EXIT
2023-06-02,LONG,12:45,15:15,18534.7,18525.8,-8.9,50,-445.0,TIME_EXIT
2023-06-06,SHORT,09:45,15:00,18584.8,18608.6,-23.8,50,-1190.0,SIGNAL_FLIP
2023-06-06,LONG,15:00,15:15,18608.6,18617.1,8.5,50,425.0,TIME_EXIT
2023-06-08,SHORT,12:45,15:15,18698.8,18646.9,51.9,50,2595.0,TIME_EXIT
2023-06-12,LONG,11:45,12:15,18615.9,18583.2,-32.7,50,-1635.0,SIGNAL_FLIP
2023-06-12,SHORT,12:15,13:30,18583.2,18605.6,-22.4,50,-1120.0,SIGNAL_FLIP
2023-06-12,LONG,13:30,15:15,18605.6,18614.9,9.3,50,465.0,TIME_EXIT
2023-06-15,SHORT,11:45,15:15,18728.7,18682.2,46.5,50,2325.0,TIME_EXIT
2023-06-16,LONG,09:45,15:15,18757.3,18823.6,66.3,50,3315.0,TIME_EXIT
2023-06-19,SHORT,11:30,15:15,18779.1,18754.2,24.9,50,1245.0,TIME_EXIT
2023-06-20,LONG,13:15,15:15,18757.4,18833.7,76.3,50,3815.0,TIME_EXIT
2023-06-22,SHORT,12:00,15:15,18811.8,18779.3,32.5,50,1625.0,TIME_EXIT
2023-07-05,SHORT,14:30,15:15,19345.9,19415.3,-69.4,50,-3470.0,TIME_EXIT
2023-07-07,SHORT,11:00,15:15,19426.8,19324.7,102.1,50,5105.0,TIME_EXIT
2023-07-10,LONG,10:15,11:15,19428.3,19367.8,-60.5,50,-3025.0,SIGNAL_FLIP
2023-07-10,SHORT,11:15,14:00,19367.8,19397.0,-29.2,50,-1460.0,SIGNAL_FLIP
2023-07-10,LONG,14:00,14:30,19397.0,19358.1,-38.9,50,-1945.0,SIGNAL_FLIP
2023-07-10,SHORT,14:30,15:15,19358.1,19367.8,-9.7,50,-485.0,TIME_EXIT
2023-07-11,SHORT,15:00,15:15,19428.2,19448.2,-20.0,50,-1000.0,TIME_EXIT
2023-07-12,LONG,09:45,10:15,19479.4,19442.2,-37.2,50,-1860.0,SIGNAL_FLIP
2023-07-12,SHORT,10:15,10:30,19442.2,19465.9,-23.7,50,-1185.0,SIGNAL_FLIP
2023-07-12,LONG,10:30,11:30,19465.9,19418.6,-47.3,50,-2365.0,SIGNAL_FLIP
2023-07-12,SHORT,11:30,15:15,19418.6,19384.8,33.8,50,1690.0,TIME_EXIT
2023-07-13,SHORT,14:00,15:15,19450.3,19443.2,7.1,50,355.0,TIME_EXIT
2023-07-14,LONG,12:30,15:15,19492.1,19587.3,95.2,50,4760.0,TIME_EXIT
2023-07-19,SHORT,12:00,12:30,19736.6,19777.8,-41.2,50,-2060.0,SIGNAL_FLIP
2023-07-19,LONG,12:30,15:15,19777.8,19847.2,69.4,50,3470.0,TIME_EXIT
2023-07-21,SHORT,10:15,15:15,19810.4,19780.9,29.5,50,1475.0,TIME_EXIT
2023-07-27,SHORT,11:15,15:15,19735.7,19700.2,35.5,50,1775.0,TIME_EXIT
2023-08-04,LONG,10:00,15:15,19478.4,19510.1,31.7,50,1585.0,TIME_EXIT
2023-08-08,SHORT,11:15,14:15,19543.6,19594.9,-51.3,50,-2565.0,SIGNAL_FLIP
2023-08-08,LONG,14:15,14:45,19594.9,19559.6,-35.3,50,-1765.0,SIGNAL_FLIP
2023-08-08,SHORT,14:45,15:15,19559.6,19570.8,-11.2,50,-560.0,TIME_EXIT
2023-08-09,LONG,14:30,15:15,19574.2,19628.2,54.0,50,2700.0,TIME_EXIT
2023-08-10,SHORT,11:30,11:45,19544.8,19575.1,-30.3,50,-1515.0,SIGNAL_FLIP
2023-08-10,LONG,11:45,13:45,19575.1,19513.8,-61.3,50,-3065.0,SIGNAL_FLIP
2023-08-10,SHORT,13:45,15:15,19513.8,19549.2,-35.4,50,-1770.0,TIME_EXIT
2023-08-14,LONG,14:00,15:15,19430.3,19413.7,-16.6,50,-830.0,TIME_EXIT
2023-08-16,SHORT,10:00,10:30,19377.9,19400.3,-22.4,50,-1120.0,SIGNAL_FLIP
2023-08-16,LONG,10:30,10:45,19400.3,19379.4,-20.9,50,-1045.0,SIGNAL_FLIP
2023-08-16,SHORT,10:45,12:30,19379.4,19407.9,-28.5,50,-1425.0,SIGNAL_FLIP
2023-08-16,LONG,12:30,15:15,19407.9,19447.0,39.1,50,1955.0,TIME_EXIT
2023-08-17,SHORT,10:15,15:15,19387.4,19346.2,41.2,50,2060.0,TIME_EXIT
2023-08-18,LONG,14:15,15:15,19362.2,19281.5,-80.7,50,-4035.0,TIME_EXIT
2023-08-22,SHORT,14:45,15:15,19393.4,19390.1,3.3,50,165.0,TIME_EXIT
2023-08-23,LONG,11:30,15:15,19429.0,19442.3,13.3,50,665.0,TIME_EXIT
2023-08-24,SHORT,12:15,15:15,19440.2,19380.4,59.8,50,2990.0,TIME_EXIT
2023-08-28,LONG,11:00,15:15,19316.6,19302.7,-13.9,50,-695.0,TIME_EXIT
2023-08-29,SHORT,14:30,15:15,19323.5,19352.9,-29.4,50,-1470.0,TIME_EXIT
2023-08-30,SHORT,14:45,15:15,19372.4,19340.1,32.3,50,1615.0,TIME_EXIT
2023-09-01,LONG,10:45,15:15,19334.8,19423.3,88.5,50,4425.0,TIME_EXIT
2023-09-06,SHORT,11:45,15:00,19544.1,19615.2,-71.1,50,-3555.0,SIGNAL_FLIP
2023-09-06,LONG,15:00,15:15,19615.2,19618.9,3.7,50,185.0,TIME_EXIT
2023-09-13,SHORT,10:00,11:00,19978.1,20006.9,-28.8,50,-1440.0,SIGNAL_FLIP
2023-09-13,LONG,11:00,15:15,20006.9,20063.3,56.4,50,2820.0,TIME_EXIT
2023-09-14,SHORT,13:45,14:45,20063.2,20096.3,-33.1,50,-1655.0,SIGNAL_FLIP
2023-09-14,LONG,14:45,15:15,20096.3,20101.8,5.5,50,275.0,TIME_EXIT
2023-09-18,SHORT,13:30,15:15,20162.3,20123.7,38.6,50,1930.0,TIME_EXIT
2023-09-22,LONG,12:00,13:30,19782.5,19709.1,-73.4,50,-3670.0,SIGNAL_FLIP
2023-09-22,SHORT,13:30,15:15,19709.1,19684.6,24.5,50,1225.0,TIME_EXIT
2023-09-25,LONG,13:00,14:15,19714.5,19647.7,-66.8,50,-3340.0,SIGNAL_FLIP
2023-09-25,SHORT,14:15,15:15,19647.7,19674.8,-27.1,50,-1355.0,TIME_EXIT
2023-09-26,LONG,09:45,12:30,19685.4,19653.3,-32.1,50,-1605.0,SIGNAL_FLIP
2023-09-26,SHORT,12:30,15:15,19653.3,19673.6,-20.3,50,-1015.0,TIME_EXIT
2023-09-27,LONG,12:30,15:15,19655.9,19727.7,71.8,50,3590.0,TIME_EXIT
2023-09-28,SHORT,11:15,15:15,19640.9,19553.3,87.6,50,4380.0,TIME_EXIT
2023-09-29,LONG,11:30,15:15,19666.8,19638.2,-28.6,50,-1430.0,TIME_EXIT
2023-10-10,LONG,09:45,15:15,19596.7,19691.5,94.8,50,4740.0,TIME_EXIT
2023-10-12,SHORT,14:15,15:15,19799.7,19782.9,16.8,50,840.0,TIME_EXIT
2023-10-13,LONG,14:00,15:15,19776.6,19733.8,-42.8,50,-2140.0,TIME_EXIT
2023-10-16,LONG,10:15,15:00,19753.7,19730.4,-23.3,50,-1165.0,SIGNAL_FLIP
2023-10-16,SHORT,15:00,15:15,19730.4,19730.9,-0.5,50,-25.0,TIME_EXIT
2023-10-17,SHORT,14:30,15:15,19794.1,19818.3,-24.2,50,-1210.0,TIME_EXIT
2023-10-18,LONG,10:00,10:45,19832.7,19768.4,-64.3,50,-3215.0,SIGNAL_FLIP
2023-10-18,SHORT,10:45,15:15,19768.4,19668.4,100.0,50,5000.0,TIME_EXIT
2023-10-19,LONG,14:00,14:45,19657.7,19641.3,-16.4,50,-820.0,SIGNAL_FLIP
2023-10-19,SHORT,14:45,15:15,19641.3,19611.9,29.4,50,1470.0,TIME_EXIT
2023-10-27,LONG,09:45,15:15,19003.9,19060.5,56.6,50,2830.0,TIME_EXIT
2023-10-30,SHORT,09:45,10:15,18960.2,19058.7,-98.5,50,-4925.0,SIGNAL_FLIP
2023-10-30,LONG,10:15,15:15,19058.7,19148.8,90.1,50,4505.0,TIME_EXIT
2023-10-31,SHORT,11:00,11:15,19095.9,19116.1,-20.2,50,-1010.0,SIGNAL_FLIP
2023-10-31,LONG,11:15,11:30,19116.1,19090.2,-25.9,50,-1295.0,SIGNAL_FLIP
2023-10-31,SHORT,11:30,14:00,19090.2,19110.6,-20.4,50,-1020.0,SIGNAL_FLIP
2023-10-31,LONG,14:00,15:15,19110.6,19086.6,-24.0,50,-1200.0,TIME_EXIT
2023-11-07,SHORT,12:15,12:45,19353.4,19366.8,-13.4,50,-670.0,SIGNAL_FLIP
2023-11-07,LONG,12:45,13:15,19366.8,19355.3,-11.5,50,-575.0,SIGNAL_FLIP
2023-11-07,SHORT,13:15,13:30,19355.3,19372.9,-17.6,50,-880.0,SIGNAL_FLIP
2023-11-07,LONG,13:30,15:15,19372.9,19417.2,44.3,50,2215.0,TIME_EXIT
2023-11-09,SHORT,13:30,15:15,19420.7,19404.0,16.7,50,835.0,TIME_EXIT
2023-11-10,LONG,13:15,14:15,19398.3,19374.8,-23.5,50,-1175.0,SIGNAL_FLIP
2023-11-10,SHORT,14:15,14:45,19374.8,19399.1,-24.3,50,-1215.0,SIGNAL_FLIP
2023-11-10,LONG,14:45,15:15,19399.1,19443.4,44.3,50,2215.0,TIME_EXIT
2023-11-17,SHORT,11:45,15:15,19761.3,19719.7,41.6,50,2080.0,TIME_EXIT
2023-11-22,SHORT,12:00,14:45,19755.6,19807.7,-52.1,50,-2605.0,SIGNAL_FLIP
2023-11-22,LONG,14:45,15:15,19807.7,19810.6,2.9,50,145.0,TIME_EXIT
2023-11-23,SHORT,14:45,15:15,19799.2,19811.0,-11.8,50,-590.0,TIME_EXIT
2023-11-24,SHORT,10:00,10:45,19803.3,19811.2,-7.9,50,-395.0,SIGNAL_FLIP
2023-11-24,LONG,10:45,12:30,19811.2,19802.9,-8.3,50,-415.0,SIGNAL_FLIP
2023-11-24,SHORT,12:30,15:15,19802.9,19788.7,14.2,50,710.0,TIME_EXIT
2023-12-07,SHORT,09:45,11:00,20875.6,20927.0,-51.4,50,-2570.0,SIGNAL_FLIP
2023-12-07,LONG,11:00,14:45,20927.0,20890.2,-36.8,50,-1840.0,SIGNAL_FLIP
2023-12-07,SHORT,14:45,15:15,20890.2,20916.1,-25.9,50,-1295.0,TIME_EXIT
2023-12-08,SHORT,13:00,15:15,20921.3,20972.1,-50.8,50,-2540.0,TIME_EXIT
2023-12-12,SHORT,12:45,15:15,20960.1,20900.4,59.7,50,2985.0,TIME_EXIT
2023-12-13,LONG,14:45,15:15,20880.6,20937.4,56.8,50,2840.0,TIME_EXIT
2023-12-19,LONG,12:00,15:15,21435.8,21446.0,10.2,50,510.0,TIME_EXIT
2023-12-20,SHORT,13:15,15:15,21403.7,21101.5,302.2,50,15110.0,TIME_EXIT
2023-12-21,LONG,14:30,15:15,21260.0,21283.0,23.0,50,1150.0,TIME_EXIT
2023-12-22,SHORT,14:00,14:15,21308.2,21318.3,-10.1,50,-505.0,SIGNAL_FLIP
2023-12-22,LONG,14:15,15:15,21318.3,21332.3,14.0,50,700.0,TIME_EXIT
2023-12-29,SHORT,10:30,11:45,21714.4,21747.3,-32.9,50,-1645.0,SIGNAL_FLIP
2023-12-29,LONG,11:45,12:45,21747.3,21711.3,-36.0,50,-1800.0,SIGNAL_FLIP
2023-12-29,SHORT,12:45,13:00,21711.3,21738.8,-27.5,50,-1375.0,SIGNAL_FLIP
2023-12-29,LONG,13:00,13:15,21738.8,21717.6,-21.2,50,-1060.0,SIGNAL_FLIP
2023-12-29,SHORT,13:15,15:15,21717.6,21728.3,-10.7,50,-535.0,TIME_EXIT
2024-01-01,LONG,10:45,15:15,21736.2,21689.4,-46.8,50,-2340.0,TIME_EXIT
2024-01-02,SHORT,09:45,15:15,21636.8,21661.5,-24.7,50,-1235.0,TIME_EXIT
2024-01-04,LONG,09:45,15:15,21602.2,21669.6,67.4,50,3370.0,TIME_EXIT
2024-01-05,SHORT,14:00,15:00,21649.2,21715.1,-65.9,50,-3295.0,SIGNAL_FLIP
2024-01-05,LONG,15:00,15:15,21715.1,21709.6,-5.5,50,-275.0,TIME_EXIT
2024-01-08,SHORT,10:45,15:15,21634.8,21511.3,123.5,50,6175.0,TIME_EXIT
2024-01-09,LONG,10:00,14:15,21657.3,21559.3,-98.0,50,-4900.0,SIGNAL_FLIP
2024-01-09,SHORT,14:15,15:15,21559.3,21551.9,7.4,50,370.0,TIME_EXIT
2024-01-10,LONG,15:00,15:15,21609.2,21625.4,16.2,50,810.0,TIME_EXIT
2024-01-16,SHORT,13:00,15:15,22019.0,22031.6,-12.6,50,-630.0,TIME_EXIT
2024-01-23,SHORT,10:45,15:15,21562.2,21243.1,319.1,50,15955.0,TIME_EXIT
2024-01-24,LONG,14:30,15:15,21429.8,21460.7,30.9,50,1545.0,TIME_EXIT
2024-01-25,SHORT,10:45,15:15,21258.1,21370.8,-112.7,50,-5635.0,TIME_EXIT
2024-01-30,SHORT,13:45,15:15,21658.9,21530.6,128.3,50,6415.0,TIME_EXIT
2024-01-31,LONG,11:30,15:15,21700.6,21708.3,7.7,50,385.0,TIME_EXIT
2024-02-01,SHORT,13:30,15:15,21701.9,21690.3,11.6,50,580.0,TIME_EXIT
2024-02-02,SHORT,14:45,15:15,21851.3,21855.4,-4.1,50,-205.0,TIME_EXIT
2024-02-05,LONG,09:45,14:30,21947.9,21776.6,-171.3,50,-8565.0,SIGNAL_FLIP
2024-02-05,SHORT,14:30,15:15,21776.6,21761.3,15.3,50,765.0,TIME_EXIT
2024-02-06,LONG,12:00,15:15,21898.2,21938.8,40.6,50,2030.0,TIME_EXIT
2024-02-07,SHORT,12:00,14:00,21887.7,21962.2,-74.5,50,-3725.0,SIGNAL_FLIP
2024-02-07,LONG,14:00,15:15,21962.2,21949.8,-12.4,50,-620.0,TIME_EXIT
2024-02-08,SHORT,10:45,15:15,21830.1,21759.7,70.4,50,3520.0,TIME_EXIT
2024-02-09,LONG,14:00,15:15,21760.8,21786.0,25.2,50,1260.0,TIME_EXIT
2024-02-12,SHORT,10:00,15:15,21690.2,21612.6,77.6,50,3880.0,TIME_EXIT
2024-02-13,LONG,10:15,12:30,21712.2,21641.6,-70.6,50,-3530.0,SIGNAL_FLIP
2024-02-13,SHORT,12:30,12:45,21641.6,21687.4,-45.8,50,-2290.0,SIGNAL_FLIP
2024-02-13,LONG,12:45,15:15,21687.4,21728.0,40.6,50,2030.0,TIME_EXIT
2024-02-14,LONG,13:00,15:15,21689.7,21848.7,159.0,50,7950.0,TIME_EXIT
2024-02-20,SHORT,09:45,11:45,22074.65,22140.3,-65.65,50,-3282.5,SIGNAL_FLIP
2024-02-20,LONG,11:45,15:15,22140.3,22208.15,67.85,50,3392.5,TIME_EXIT
2024-02-21,SHORT,14:00,15:15,22112.45,22028.75,83.7,50,4185.0,TIME_EXIT
2024-02-22,LONG,14:00,15:15,22056.65,22216.9,160.25,50,8012.5,TIME_EXIT
2024-02-27,LONG,11:15,12:15,22162.4,22132.5,-29.9,50,-1495.0,SIGNAL_FLIP
2024-02-27,SHORT,12:15,12:30,22132.5,22161.1,-28.6,50,-1430.0,SIGNAL_FLIP
2024-02-27,LONG,12:30,15:15,22161.1,22194.2,33.1,50,1655.0,TIME_EXIT
2024-02-28,SHORT,10:45,15:15,22064.25,21926.25,138.0,50,6900.0,TIME_EXIT
2024-02-29,LONG,15:00,15:15,21996.7,22042.05,45.35,50,2267.5,TIME_EXIT
2024-03-05,SHORT,09:45,13:00,22347.15,22391.55,-44.4,50,-2220.0,SIGNAL_FLIP
2024-03-05,LONG,13:00,15:15,22391.55,22358.5,-33.05,50,-1652.5,TIME_EXIT
2024-03-06,LONG,13:45,15:15,22381.15,22480.05,98.9,50,4945.0,TIME_EXIT
2024-03-11,SHORT,10:00,15:15,22431.7,22319.85,111.85,50,5592.5,TIME_EXIT
2024-03-14,LONG,11:30,15:15,22166.2,22153.05,-13.15,50,-657.5,TIME_EXIT
2024-03-18,LONG,12:15,15:15,22083.9,22051.5,-32.4,50,-1620.0,TIME_EXIT
2024-03-20,LONG,12:30,15:15,21875.4,21855.1,-20.3,50,-1015.0,TIME_EXIT
2024-03-22,LONG,10:00,15:15,22030.9,22080.8,49.9,50,2495.0,TIME_EXIT
2024-03-26,SHORT,09:45,15:15,22040.05,22019.8,20.25,50,1012.5,TIME_EXIT
2024-04-02,SHORT,10:00,15:15,22433.6,22464.3,-30.7,50,-1535.0,TIME_EXIT
2024-04-03,LONG,10:30,15:15,22456.2,22445.55,-10.65,50,-532.5,TIME_EXIT
2024-04-04,SHORT,09:45,13:00,22401.3,22481.05,-79.75,50,-3987.5,SIGNAL_FLIP
2024-04-04,LONG,13:00,15:15,22481.05,22541.2,60.15,50,3007.5,TIME_EXIT
2024-04-09,SHORT,13:30,15:15,22652.5,22642.05,10.45,50,522.5,TIME_EXIT
2024-04-10,LONG,09:45,15:15,22701.65,22735.05,33.4,50,1670.0,TIME_EXIT
2024-04-12,SHORT,09:45,15:15,22650.7,22519.4,131.3,50,6565.0,TIME_EXIT
2024-04-18,LONG,09:45,13:30,22207.25,22094.4,-112.85,50,-5642.5,SIGNAL_FLIP
2024-04-18,SHORT,13:30,15:15,22094.4,22045.75,48.65,50,2432.5,TIME_EXIT
2024-04-19,LONG,13:15,15:15,22044.4,22149.7,105.3,50,5265.0,TIME_EXIT
2024-04-24,SHORT,14:45,15:15,22412.35,22412.2,0.15,50,7.5,TIME_EXIT
2024-04-25,LONG,13:00,15:15,22452.15,22559.25,107.1,50,5355.0,TIME_EXIT
2024-04-26,SHORT,12:45,15:15,22500.5,22450.2,50.3,50,2515.0,TIME_EXIT
2024-04-29,LONG,10:30,15:15,22528.05,22633.15,105.1,50,5255.0,TIME_EXIT
2024-04-30,SHORT,15:00,15:15,22603.55,22587.75,15.8,50,790.0,TIME_EXIT
2024-05-02,LONG,13:15,14:15,22700.35,22650.75,-49.6,50,-2480.0,SIGNAL_FLIP
2024-05-02,SHORT,14:15,15:15,22650.75,22656.75,-6.0,50,-300.0,TIME_EXIT
2024-05-03,SHORT,10:30,15:15,22616.7,22456.7,160.0,50,8000.0,TIME_EXIT
2024-05-06,LONG,12:00,12:30,22520.95,22483.8,-37.15,50,-1857.5,SIGNAL_FLIP
2024-05-06,SHORT,12:30,15:15,22483.8,22458.0,25.8,50,1290.0,TIME_EXIT
2024-05-08,LONG,12:15,14:45,22326.05,22293.5,-32.55,50,-1627.5,SIGNAL_FLIP
2024-05-08,SHORT,14:45,15:00,22293.5,22301.95,-8.45,50,-422.5,SIGNAL_FLIP
2024-05-08,LONG,15:00,15:15,22301.95,22306.75,4.8,50,240.0,TIME_EXIT
2024-05-13,LONG,12:30,15:15,22022.45,22119.4,96.95,50,4847.5,TIME_EXIT
2024-05-15,SHORT,11:30,11:45,22184.45,22223.9,-39.45,50,-1972.5,SIGNAL_FLIP
2024-05-15,LONG,11:45,12:45,22223.9,22189.9,-34.0,50,-1700.0,SIGNAL_FLIP
2024-05-15,SHORT,12:45,14:45,22189.9,22224.35,-34.45,50,-1722.5,SIGNAL_FLIP
2024-05-15,LONG,14:45,15:15,22224.35,22210.4,-13.95,50,-697.5,TIME_EXIT
2024-05-16,SHORT,10:45,14:45,22163.15,22360.65,-197.5,50,-9875.0,SIGNAL_FLIP
2024-05-16,LONG,14:45,15:15,22360.65,22392.35,31.7,50,1585.0,TIME_EXIT
2024-05-27,SHORT,15:00,15:15,22938.75,22931.05,7.7,50,385.0,TIME_EXIT
2024-05-31,LONG,13:45,14:30,22602.25,22506.3,-95.95,50,-4797.5,SIGNAL_FLIP
2024-05-31,SHORT,14:30,15:15,22506.3,22550.45,-44.15,50,-2207.5,TIME_EXIT
2024-06-05,LONG,11:15,15:15,22425.05,22573.0,147.95,50,7397.5,TIME_EXIT
2024-06-11,LONG,10:30,15:00,23321.25,23264.15,-57.1,50,-2855.0,SIGNAL_FLIP
2024-06-11,SHORT,15:00,15:15,23264.15,23261.8,2.35,50,117.5,TIME_EXIT
2024-06-12,SHORT,14:15,15:15,23354.65,23308.4,46.25,50,2312.5,TIME_EXIT
2024-06-13,LONG,10:00,11:00,23408.7,23367.8,-40.9,50,-2045.0,SIGNAL_FLIP
2024-06-13,SHORT,11:00,11:45,23367.8,23396.7,-28.9,50,-1445.0,SIGNAL_FLIP
2024-06-13,LONG,11:45,15:15,23396.7,23399.35,2.65,50,132.5,TIME_EXIT
2024-06-14,LONG,10:00,15:15,23437.85,23454.15,16.3,50,815.0,TIME_EXIT
2024-06-19,SHORT,10:15,12:00,23447.35,23556.35,-109.0,50,-5450.0,SIGNAL_FLIP
2024-06-19,LONG,12:00,15:15,23556.35,23521.4,-34.95,50,-1747.5,TIME_EXIT
2024-06-20,LONG,11:30,15:15,23552.55,23579.15,26.6,50,1330.0,TIME_EXIT
2024-06-21,SHORT,11:00,15:15,23529.05,23453.15,75.9,50,3795.0,TIME_EXIT
2024-06-24,LONG,11:45,15:15,23534.95,23548.65,13.7,50,685.0,TIME_EXIT
2024-06-28,SHORT,15:00,15:15,23989.2,24009.8,-20.6,50,-1030.0,TIME_EXIT
2024-07-01,LONG,10:30,15:15,24083.1,24123.15,40.05,50,2002.5,TIME_EXIT
2024-07-02,SHORT,12:45,15:15,24070.2,24117.8,-47.6,50,-2380.0,TIME_EXIT
2024-07-04,SHORT,15:00,15:15,24302.65,24304.65,-2.0,50,-100.0,TIME_EXIT
2024-07-08,SHORT,12:00,12:30,24252.65,24289.55,-36.9,50,-1845.0,SIGNAL_FLIP
2024-07-08,LONG,12:30,15:15,24289.55,24331.05,41.5,50,2075.0,TIME_EXIT
2024-07-10,SHORT,10:00,15:15,24330.75,24312.4,18.35,50,917.5,TIME_EXIT
2024-07-11,SHORT,10:15,13:15,24246.8,24292.95,-46.15,50,-2307.5,SIGNAL_FLIP
2024-07-11,LONG,13:15,15:15,24292.95,24338.5,45.55,50,2277.5,TIME_EXIT
2024-07-16,SHORT,14:30,15:15,24616.5,24601.1,15.4,50,770.0,TIME_EXIT
2024-07-18,LONG,10:15,10:45,24637.5,24593.6,-43.9,50,-2195.0,SIGNAL_FLIP
2024-07-18,SHORT,10:45,13:00,24593.6,24711.6,-118.0,50,-5900.0,SIGNAL_FLIP
2024-07-18,LONG,13:00,15:15,24711.6,24779.35,67.75,50,3387.5,TIME_EXIT
2024-07-19,SHORT,11:00,15:15,24661.55,24525.85,135.7,50,6785.0,TIME_EXIT
2024-07-23,LONG,14:45,15:15,24485.8,24476.4,-9.4,50,-470.0,TIME_EXIT
2024-07-24,SHORT,10:15,10:45,24400.65,24455.5,-54.85,50,-2742.5,SIGNAL_FLIP
2024-07-24,LONG,10:45,11:00,24455.5,24432.0,-23.5,50,-1175.0,SIGNAL_FLIP
2024-07-24,SHORT,11:00,15:15,24432.0,24441.9,-9.9,50,-495.0,TIME_EXIT
2024-07-25,LONG,12:45,15:15,24390.95,24415.0,24.05,50,1202.5,TIME_EXIT
2024-07-29,SHORT,14:15,15:15,24824.4,24840.95,-16.55,50,-827.5,TIME_EXIT
2024-07-30,LONG,09:45,15:15,24863.5,24840.9,-22.6,50,-1130.0,TIME_EXIT
2024-07-31,LONG,10:00,15:15,24940.1,24979.3,39.2,50,1960.0,TIME_EXIT
2024-08-01,SHORT,13:45,14:30,24985.1,25003.6,-18.5,50,-925.0,SIGNAL_FLIP
2024-08-01,LONG,14:30,14:45,25003.6,24982.55,-21.05,50,-1052.5,SIGNAL_FLIP
2024-08-01,SHORT,14:45,15:00,24982.55,25018.7,-36.15,50,-1807.5,SIGNAL_FLIP
2024-08-01,LONG,15:00,15:15,25018.7,25006.0,-12.7,50,-635.0,TIME_EXIT
2024-08-06,LONG,09:45,13:00,24339.95,24163.4,-176.55,50,-8827.5,SIGNAL_FLIP
2024-08-06,SHORT,13:00,15:15,24163.4,24033.05,130.35,50,6517.5,TIME_EXIT
2024-08-07,LONG,09:45,15:15,24230.4,24315.25,84.85,50,4242.5,TIME_EXIT
2024-08-08,SHORT,10:00,12:00,24161.15,24306.6,-145.45,50,-7272.5,SIGNAL_FLIP
2024-08-08,LONG,12:00,13:15,24306.6,24112.05,-194.55,50,-9727.5,SIGNAL_FLIP
2024-08-08,SHORT,13:15,15:15,24112.05,24098.7,13.35,50,667.5,TIME_EXIT
2024-08-12,LONG,10:45,15:15,24400.3,24348.8,-51.5,50,-2575.0,TIME_EXIT
2024-08-28,LONG,11:15,15:15,25061.0,25044.85,-16.15,50,-807.5,TIME_EXIT
2024-08-29,LONG,09:45,14:30,25098.0,25024.5,-73.5,50,-3675.0,SIGNAL_FLIP
2024-08-29,SHORT,14:30,14:45,25024.5,25173.75,-149.25,50,-7462.5,SIGNAL_FLIP
2024-08-29,LONG,14:45,15:15,25173.75,25156.75,-17.0,50,-850.0,TIME_EXIT
2024-09-02,SHORT,13:30,15:00,25253.5,25280.1,-26.6,50,-1330.0,SIGNAL_FLIP
2024-09-02,LONG,15:00,15:15,25280.1,25273.9,-6.2,50,-310.0,TIME_EXIT
2024-09-03,LONG,13:00,15:15,25282.7,25268.85,-13.85,50,-692.5,TIME_EXIT
2024-09-04,LONG,15:00,15:15,25210.1,25206.35,-3.75,50,-187.5,TIME_EXIT
2024-09-05,SHORT,13:00,15:15,25172.8,25144.8,28.0,50,1400.0,TIME_EXIT
2024-09-09,LONG,13:15,15:15,24922.8,24942.25,19.45,50,972.5,TIME_EXIT
2024-09-11,SHORT,13:30,15:15,25021.25,24951.8,69.45,50,3472.5,TIME_EXIT
2024-09-12,LONG,14:00,15:15,25204.7,25314.95,110.25,50,5512.5,TIME_EXIT
2024-09-17,SHORT,10:00,10:30,25373.9,25402.85,-28.95,50,-1447.5,SIGNAL_FLIP
2024-09-17,LONG,10:30,15:15,25402.85,25407.15,4.3,50,215.0,TIME_EXIT
2024-09-18,SHORT,13:15,15:15,25362.0,25343.45,18.55,50,927.5,TIME_EXIT
2024-09-19,SHORT,12:45,15:15,25423.05,25445.0,-21.95,50,-1097.5,TIME_EXIT
2024-09-25,SHORT,10:00,14:15,25911.25,25935.45,-24.2,50,-1210.0,SIGNAL_FLIP
2024-09-25,LONG,14:15,15:15,25935.45,26013.5,78.05,50,3902.5,TIME_EXIT
2024-09-27,SHORT,14:45,15:15,26187.4,26175.0,12.4,50,620.0,TIME_EXIT
2024-10-04,LONG,12:00,12:45,25468.85,25117.25,-351.6,50,-17580.0,SIGNAL_FLIP
2024-10-04,SHORT,12:45,15:15,25117.25,25049.1,68.15,50,3407.5,TIME_EXIT
2024-10-08,LONG,11:00,15:15,24937.9,25039.5,101.6,50,5080.0,TIME_EXIT
2024-10-09,SHORT,14:30,15:15,25034.3,25019.55,14.75,50,737.5,TIME_EXIT
2024-10-15,SHORT,10:15,15:15,25033.2,25065.15,-31.95,50,-1597.5,TIME_EXIT
2024-10-18,LONG,12:00,15:15,24785.5,24862.65,77.15,50,3857.5,TIME_EXIT
2024-10-21,SHORT,11:00,14:00,24808.6,24819.7,-11.1,50,-555.0,SIGNAL_FLIP
2024-10-21,LONG,14:00,15:15,24819.7,24739.45,-80.25,50,-4012.5,TIME_EXIT
2024-10-22,SHORT,10:15,15:15,24638.75,24481.75,157.0,50,7850.0,TIME_EXIT
2024-10-28,LONG,09:45,15:15,24287.95,24367.7,79.75,50,3987.5,TIME_EXIT
2024-10-29,LONG,13:15,15:15,24308.65,24454.0,145.35,50,7267.5,TIME_EXIT
2024-10-30,SHORT,13:45,15:15,24365.4,24350.3,15.1,50,755.0,TIME_EXIT
2024-11-01,LONG,18:15,18:30,24326.8,24305.4,-21.4,50,-1070.0,TIME_EXIT
2024-11-05,LONG,10:15,11:15,24022.9,23931.5,-91.4,50,-4570.0,SIGNAL_FLIP
2024-11-05,SHORT,11:15,13:30,23931.5,24073.35,-141.85,50,-7092.5,SIGNAL_FLIP
2024-11-05,LONG,13:30,15:15,24073.35,24198.15,124.8,50,6240.0,TIME_EXIT
2024-11-07,SHORT,10:00,15:15,24221.75,24194.6,27.15,50,1357.5,TIME_EXIT
2024-11-11,LONG,10:30,13:45,24239.45,24155.1,-84.35,50,-4217.5,SIGNAL_FLIP
2024-11-11,SHORT,13:45,15:15,24155.1,24122.1,33.0,50,1650.0,TIME_EXIT
2024-11-19,SHORT,15:00,15:15,23492.55,23468.7,23.85,50,1192.5,TIME_EXIT
2024-11-26,SHORT,12:15,14:45,24148.05,24230.4,-82.35,25,-2058.75,SIGNAL_FLIP
2024-11-26,LONG,14:45,15:15,24230.4,24192.95,-37.45,25,-936.25,TIME_EXIT
2024-11-27,LONG,10:00,10:15,24202.75,24182.75,-20.0,25,-500.0,SIGNAL_FLIP
2024-11-27,SHORT,10:15,10:45,24182.75,24197.05,-14.3,25,-357.5,SIGNAL_FLIP
2024-11-27,LONG,10:45,15:15,24197.05,24277.35,80.3,25,2007.5,TIME_EXIT
2024-11-28,SHORT,10:30,15:15,24126.7,23957.45,169.25,25,4231.25,TIME_EXIT
2024-11-29,LONG,11:00,15:15,24120.9,24123.65,2.75,25,68.75,TIME_EXIT
2024-12-04,SHORT,14:45,15:15,24438.1,24461.55,-23.45,25,-586.25,TIME_EXIT
2024-12-05,LONG,12:15,15:15,24608.1,24701.55,93.45,25,2336.25,TIME_EXIT
2024-12-10,LONG,10:15,10:30,24653.9,24625.65,-28.25,25,-706.25,SIGNAL_FLIP
2024-12-10,SHORT,10:30,11:00,24625.65,24651.4,-25.75,25,-643.75,SIGNAL_FLIP
2024-12-10,LONG,11:00,12:00,24651.4,24620.8,-30.6,25,-765.0,SIGNAL_FLIP
2024-12-10,SHORT,12:00,15:15,24620.8,24620.5,0.3,25,7.5,TIME_EXIT
2024-12-12,SHORT,10:00,15:15,24618.85,24539.5,79.35,25,1983.75,TIME_EXIT
2024-12-13,LONG,12:30,15:15,24528.95,24781.3,252.35,25,6308.75,TIME_EXIT
2024-12-16,SHORT,12:00,13:45,24606.45,24658.5,-52.05,25,-1301.25,SIGNAL_FLIP
2024-12-16,LONG,13:45,15:15,24658.5,24648.25,-10.25,25,-256.25,TIME_EXIT
2024-12-23,LONG,11:15,12:30,23862.75,23737.7,-125.05,25,-3126.25,SIGNAL_FLIP
2024-12-23,SHORT,12:30,15:15,23737.7,23747.2,-9.5,25,-237.5,TIME_EXIT
2024-12-24,LONG,09:45,13:45,23797.9,23751.7,-46.2,25,-1155.0,SIGNAL_FLIP
2024-12-24,SHORT,13:45,15:15,23751.7,23730.35,21.35,25,533.75,TIME_EXIT
2024-12-26,LONG,09:45,10:00,23802.2,23749.75,-52.45,25,-1311.25,SIGNAL_FLIP
2024-12-26,SHORT,10:00,15:15,23749.75,23760.3,-10.55,25,-263.75,TIME_EXIT
2024-12-27,SHORT,14:45,15:15,23807.7,23832.45,-24.75,25,-618.75,TIME_EXIT
2024-12-30,LONG,11:30,13:00,23873.8,23772.2,-101.6,25,-2540.0,SIGNAL_FLIP
2024-12-30,SHORT,13:00,15:15,23772.2,23658.65,113.55,25,2838.75,TIME_EXIT
2024-12-31,LONG,14:00,15:15,23680.4,23668.8,-11.6,25,-290.0,TIME_EXIT
2025-01-01,SHORT,09:45,10:15,23592.05,23653.25,-61.2,25,-1530.0,SIGNAL_FLIP
2025-01-01,LONG,10:15,15:15,23653.25,23758.7,105.45,25,2636.25,TIME_EXIT
2025-01-03,SHORT,14:00,15:15,24031.6,23990.15,41.45,25,1036.25,TIME_EXIT
2025-01-07,LONG,11:45,12:00,23738.3,23720.0,-18.3,25,-457.5,SIGNAL_FLIP
2025-01-07,SHORT,12:00,15:15,23720.0,23694.6,25.4,25,635.0,TIME_EXIT
2025-01-08,LONG,14:15,15:15,23660.4,23675.2,14.8,25,370.0,TIME_EXIT
2025-01-09,SHORT,10:45,15:15,23544.15,23557.2,-13.05,25,-326.25,TIME_EXIT
2025-01-10,LONG,12:30,13:15,23528.75,23489.7,-39.05,25,-976.25,SIGNAL_FLIP
2025-01-10,SHORT,13:15,15:15,23489.7,23437.35,52.35,25,1308.75,TIME_EXIT
2025-01-14,LONG,11:15,12:15,23229.55,23172.4,-57.15,25,-1428.75,SIGNAL_FLIP
2025-01-14,SHORT,12:15,15:15,23172.4,23206.85,-34.45,25,-861.25,TIME_EXIT
2025-01-15,SHORT,13:30,15:15,23167.7,23228.1,-60.4,25,-1510.0,TIME_EXIT
2025-01-20,LONG,10:00,15:15,23228.05,23337.05,109.0,25,2725.0,TIME_EXIT
2025-01-21,SHORT,10:15,15:15,23141.5,23053.05,88.45,25,2211.25,TIME_EXIT
2025-01-22,LONG,14:45,15:15,23159.4,23161.75,2.35,25,58.75,TIME_EXIT
2025-01-24,SHORT,09:45,11:00,23145.85,23279.2,-133.35,25,-3333.75,SIGNAL_FLIP
2025-01-24,LONG,11:00,13:30,23279.2,23155.9,-123.3,25,-3082.5,SIGNAL_FLIP
2025-01-24,SHORT,13:30,15:15,23155.9,23090.35,65.55,25,1638.75,TIME_EXIT
2025-01-28,LONG,11:00,15:15,22959.6,22976.3,16.7,25,417.5,TIME_EXIT
2025-01-30,SHORT,14:15,15:15,23164.85,23297.95,-133.1,25,-3327.5,TIME_EXIT
2025-02-03,LONG,14:30,15:15,23351.85,23359.7,7.85,25,196.25,TIME_EXIT
2025-02-07,LONG,11:15,12:30,23681.25,23583.2,-98.05,25,-2451.25,SIGNAL_FLIP
2025-02-07,SHORT,12:30,15:15,23583.2,23563.15,20.05,25,501.25,TIME_EXIT
2025-02-12,LONG,13:00,14:15,23103.05,22998.25,-104.8,25,-2620.0,SIGNAL_FLIP
2025-02-12,SHORT,14:15,15:15,22998.25,23057.8,-59.55,25,-1488.75,TIME_EXIT
2025-02-13,SHORT,14:00,15:15,23063.0,23019.4,43.6,25,1090.0,TIME_EXIT
2025-02-17,LONG,13:30,15:15,22937.55,22963.5,25.95,25,648.75,TIME_EXIT
2025-02-18,SHORT,10:30,13:30,22841.45,22921.45,-80.0,25,-2000.0,SIGNAL_FLIP
2025-02-18,LONG,13:30,15:15,22921.45,22923.15,1.7,25,42.5,TIME_EXIT
2025-02-19,SHORT,13:45,14:00,22928.5,22950.8,-22.3,25,-557.5,SIGNAL_FLIP
2025-02-19,LONG,14:00,14:15,22950.8,22863.3,-87.5,25,-2187.5,SIGNAL_FLIP
2025-02-19,SHORT,14:15,15:15,22863.3,22914.4,-51.1,25,-1277.5,TIME_EXIT
2025-02-20,LONG,14:30,15:15,22912.65,22906.25,-6.4,25,-160.0,TIME_EXIT
2025-02-25,LONG,13:30,15:00,22587.15,22552.4,-34.75,25,-868.75,SIGNAL_FLIP
2025-02-25,SHORT,15:00,15:15,22552.4,22526.3,26.1,25,652.5,TIME_EXIT
2025-03-03,LONG,14:15,15:15,22146.95,22143.15,-3.8,25,-95.0,TIME_EXIT
2025-03-04,LONG,14:45,15:15,22098.6,22080.3,-18.3,25,-457.5,TIME_EXIT
2025-03-10,SHORT,13:30,15:15,22565.2,22441.1,124.1,25,3102.5,TIME_EXIT
2025-03-11,LONG,14:00,15:15,22501.55,22520.5,18.95,25,473.75,TIME_EXIT
2025-03-12,SHORT,10:00,14:30,22425.2,22442.75,-17.55,25,-438.75,SIGNAL_FLIP
2025-03-12,LONG,14:30,15:15,22442.75,22468.5,25.75,25,643.75,TIME_EXIT
2025-03-13,SHORT,12:15,15:15,22436.5,22383.3,53.2,25,1330.0,TIME_EXIT
2025-03-27,LONG,11:00,15:15,23602.9,23601.05,-1.85,25,-46.25,TIME_EXIT
2025-03-28,LONG,12:00,12:15,23596.45,23529.3,-67.15,25,-1678.75,SIGNAL_FLIP
2025-03-28,SHORT,12:15,15:15,23529.3,23495.15,34.15,25,853.75,TIME_EXIT
2025-04-02,LONG,10:45,15:15,23292.7,23330.8,38.1,25,952.5,TIME_EXIT
2025-04-03,SHORT,09:45,10:15,23234.6,23298.3,-63.7,25,-1592.5,SIGNAL_FLIP
2025-04-03,LONG,10:15,12:15,23298.3,23266.5,-31.8,25,-795.0,SIGNAL_FLIP
2025-04-03,SHORT,12:15,15:15,23266.5,23241.6,24.9,25,622.5,TIME_EXIT
2025-04-09,SHORT,10:00,15:15,22371.2,22420.4,-49.2,25,-1230.0,TIME_EXIT
2025-04-24,SHORT,12:15,15:15,24257.25,24245.05,12.2,25,305.0,TIME_EXIT
2025-04-25,LONG,14:45,15:15,24076.95,23991.65,-85.3,25,-2132.5,TIME_EXIT
2025-04-30,SHORT,11:00,12:15,24329.95,24349.7,-19.75,25,-493.75,SIGNAL_FLIP
2025-04-30,LONG,12:15,13:15,24349.7,24332.7,-17.0,25,-425.0,SIGNAL_FLIP
2025-04-30,SHORT,13:15,13:30,24332.7,24349.5,-16.8,25,-420.0,SIGNAL_FLIP
2025-04-30,LONG,13:30,15:15,24349.5,24246.25,-103.25,25,-2581.25,TIME_EXIT
2025-05-02,SHORT,12:00,15:15,24315.0,24313.65,1.35,25,33.75,TIME_EXIT
2025-05-06,SHORT,09:45,15:15,24391.65,24335.9,55.75,25,1393.75,TIME_EXIT
2025-05-07,LONG,12:30,13:00,24388.35,24362.05,-26.3,25,-657.5,SIGNAL_FLIP
2025-05-07,SHORT,13:00,14:00,24362.05,24406.9,-44.85,25,-1121.25,SIGNAL_FLIP
2025-05-07,LONG,14:00,15:15,24406.9,24409.3,2.4,25,60.0,TIME_EXIT
2025-05-08,SHORT,13:15,15:15,24366.55,24154.1,212.45,25,5311.25,TIME_EXIT
2025-05-13,SHORT,12:30,15:15,24644.05,24593.65,50.4,25,1260.0,TIME_EXIT
2025-05-14,LONG,09:45,12:30,24727.4,24629.7,-97.7,25,-2442.5,SIGNAL_FLIP
2025-05-14,SHORT,12:30,15:15,24629.7,24685.75,-56.05,25,-1401.25,TIME_EXIT
2025-05-15,LONG,10:45,15:15,24780.3,25035.3,255.0,25,6375.0,TIME_EXIT
2025-05-19,SHORT,13:00,15:15,24980.55,24935.35,45.2,25,1130.0,TIME_EXIT
2025-05-21,LONG,10:30,12:15,24916.1,24743.05,-173.05,25,-4326.25,SIGNAL_FLIP
2025-05-21,SHORT,12:15,15:15,24743.05,24800.95,-57.9,25,-1447.5,TIME_EXIT
2025-05-27,LONG,12:00,12:15,24957.45,24856.3,-101.15,25,-2528.75,SIGNAL_FLIP
2025-05-27,SHORT,12:15,15:15,24856.3,24837.7,18.6,25,465.0,TIME_EXIT
2025-05-29,LONG,09:45,10:30,24804.05,24743.2,-60.85,25,-1521.25,SIGNAL_FLIP
2025-05-29,SHORT,10:30,15:00,24743.2,24850.75,-107.55,25,-2688.75,SIGNAL_FLIP
2025-05-29,LONG,15:00,15:15,24850.75,24880.85,30.1,25,752.5,TIME_EXIT
2025-05-30,SHORT,11:00,13:45,24754.3,24788.95,-34.65,25,-866.25,SIGNAL_FLIP
2025-05-30,LONG,13:45,14:00,24788.95,24753.6,-35.35,25,-883.75,SIGNAL_FLIP
2025-05-30,SHORT,14:00,14:30,24753.6,24769.45,-15.85,25,-396.25,SIGNAL_FLIP
2025-05-30,LONG,14:30,14:45,24769.45,24764.4,-5.05,25,-126.25,SIGNAL_FLIP
2025-05-30,SHORT,14:45,15:15,24764.4,24736.65,27.75,25,693.75,TIME_EXIT
2025-06-02,LONG,13:15,15:15,24707.1,24690.35,-16.75,25,-418.75,TIME_EXIT
2025-06-04,LONG,11:45,15:15,24594.35,24612.0,17.65,25,441.25,TIME_EXIT
2025-06-06,SHORT,09:45,10:00,24712.3,24750.6,-38.3,25,-957.5,SIGNAL_FLIP
2025-06-06,LONG,10:00,15:15,24750.6,25000.3,249.7,25,6242.5,TIME_EXIT
2025-06-10,SHORT,14:45,15:15,25102.4,25091.5,10.9,25,272.5,TIME_EXIT
2025-06-11,LONG,09:45,14:15,25145.7,25142.6,-3.1,25,-77.5,SIGNAL_FLIP
2025-06-11,SHORT,14:15,15:15,25142.6,25126.8,15.8,25,395.0,TIME_EXIT
2025-06-17,SHORT,10:45,15:15,24875.85,24841.5,34.35,25,858.75,TIME_EXIT
2025-06-18,SHORT,11:00,15:15,24837.95,24798.75,39.2,25,980.0,TIME_EXIT
2025-06-19,LONG,09:45,11:15,24842.35,24803.25,-39.1,25,-977.5,SIGNAL_FLIP
2025-06-19,SHORT,11:15,14:15,24803.25,24817.2,-13.95,25,-348.75,SIGNAL_FLIP
2025-06-19,LONG,14:15,14:30,24817.2,24804.7,-12.5,25,-312.5,SIGNAL_FLIP
2025-06-19,SHORT,14:30,14:45,24804.7,24810.5,-5.8,25,-145.0,SIGNAL_FLIP
2025-06-19,LONG,14:45,15:00,24810.5,24791.75,-18.75,25,-468.75,SIGNAL_FLIP
2025-06-19,SHORT,15:00,15:15,24791.75,24744.7,47.05,25,1176.25,TIME_EXIT
2025-06-23,SHORT,09:45,13:15,24853.65,25030.4,-176.75,25,-4418.75,SIGNAL_FLIP
2025-06-23,LONG,13:15,15:15,25030.4,24958.9,-71.5,25,-1787.5,TIME_EXIT
2025-06-24,SHORT,14:00,15:15,25040.15,25071.55,-31.4,25,-785.0,TIME_EXIT
2025-06-25,LONG,09:45,15:15,25203.75,25236.35,32.6,25,815.0,TIME_EXIT
2025-06-30,SHORT,10:15,15:15,25555.0,25507.45,47.55,25,1188.75,TIME_EXIT
2025-07-01,LONG,09:45,10:00,25569.6,25531.3,-38.3,25,-957.5,SIGNAL_FLIP
2025-07-01,SHORT,10:00,10:15,25531.3,25545.8,-14.5,25,-362.5,SIGNAL_FLIP
2025-07-01,LONG,10:15,10:45,25545.8,25520.95,-24.85,25,-621.25,SIGNAL_FLIP
2025-07-01,SHORT,10:45,14:00,25520.95,25551.85,-30.9,25,-772.5,SIGNAL_FLIP
2025-07-01,LONG,14:00,14:30,25551.85,25526.0,-25.85,25,-646.25,SIGNAL_FLIP
2025-07-01,SHORT,14:30,15:00,25526.0,25537.25,-11.25,25,-281.25,SIGNAL_FLIP
2025-07-01,LONG,15:00,15:15,25537.25,25533.0,-4.25,25,-106.25,TIME_EXIT
2025-07-02,SHORT,10:15,15:15,25523.55,25442.85,80.7,25,2017.5,TIME_EXIT
2025-07-03,LONG,09:45,14:15,25545.35,25453.6,-91.75,25,-2293.75,SIGNAL_FLIP
2025-07-03,SHORT,14:15,15:15,25453.6,25397.4,56.2,25,1405.0,TIME_EXIT
2025-07-04,LONG,14:45,15:15,25453.65,25467.8,14.15,25,353.75,TIME_EXIT
2025-07-08,SHORT,11:30,12:15,25436.65,25466.15,-29.5,25,-737.5,SIGNAL_FLIP
2025-07-08,LONG,12:15,15:15,25466.15,25523.1,56.95,25,1423.75,TIME_EXIT
2025-07-09,SHORT,14:30,15:15,25469.45,25464.65,4.8,25,120.0,TIME_EXIT
2025-07-16,SHORT,10:00,12:15,25141.75,25185.05,-43.3,25,-1082.5,SIGNAL_FLIP
2025-07-16,LONG,12:15,15:15,25185.05,25198.55,13.5,25,337.5,TIME_EXIT
2025-07-17,SHORT,10:00,15:15,25160.1,25109.5,50.6,25,1265.0,TIME_EXIT
2025-07-21,LONG,10:00,15:15,25052.55,25093.3,40.75,25,1018.75,TIME_EXIT
2025-07-22,SHORT,14:45,15:15,25066.6,25064.9,1.7,25,42.5,TIME_EXIT
2025-07-24,SHORT,11:15,15:15,25112.65,25051.9,60.75,25,1518.75,TIME_EXIT
2025-07-29,LONG,13:15,15:15,24734.95,24830.4,95.45,25,2386.25,TIME_EXIT
2025-07-31,LONG,12:15,15:15,24826.45,24765.6,-60.85,25,-1521.25,TIME_EXIT
2025-08-04,LONG,11:45,15:15,24679.45,24726.9,47.45,25,1186.25,TIME_EXIT
2025-08-05,SHORT,09:45,15:15,24605.1,24649.5,-44.4,25,-1110.0,TIME_EXIT
2025-08-07,LONG,15:00,15:15,24592.0,24626.65,34.65,25,866.25,TIME_EXIT
2025-08-08,SHORT,10:30,15:15,24437.6,24350.85,86.75,25,2168.75,TIME_EXIT
2025-08-11,LONG,10:45,15:15,24454.65,24562.15,107.5,25,2687.5,TIME_EXIT
2025-08-12,SHORT,14:30,15:15,24507.45,24485.85,21.6,25,540.0,TIME_EXIT
2025-08-13,LONG,10:00,15:15,24580.5,24630.4,49.9,25,1247.5,TIME_EXIT
2025-08-25,LONG,11:15,15:15,24949.3,24978.55,29.25,25,731.25,TIME_EXIT
2025-09-01,LONG,10:30,15:15,24529.65,24624.3,94.65,25,2366.25,TIME_EXIT
2025-09-02,SHORT,14:00,15:15,24561.3,24575.0,-13.7,25,-342.5,TIME_EXIT
2025-09-03,LONG,13:30,15:15,24629.6,24713.6,84.0,25,2100.0,TIME_EXIT
2025-09-04,SHORT,14:30,15:15,24771.3,24739.8,31.5,25,787.5,TIME_EXIT
2025-09-05,LONG,14:15,15:15,24755.0,24743.95,-11.05,25,-276.25,TIME_EXIT
2025-09-10,SHORT,14:30,15:00,24918.4,24978.6,-60.2,25,-1505.0,SIGNAL_FLIP
2025-09-10,LONG,15:00,15:15,24978.6,24977.55,-1.05,25,-26.25,TIME_EXIT
2025-09-15,SHORT,10:30,12:15,25077.55,25109.75,-32.2,25,-805.0,SIGNAL_FLIP
2025-09-15,LONG,12:15,13:30,25109.75,25071.15,-38.6,25,-965.0,SIGNAL_FLIP
2025-09-15,SHORT,13:30,15:15,25071.15,25069.7,1.45,25,36.25,TIME_EXIT
2025-09-18,SHORT,14:00,15:00,25365.75,25423.05,-57.3,25,-1432.5,SIGNAL_FLIP
2025-09-18,LONG,15:00,15:15,25423.05,25420.75,-2.3,25,-57.5,TIME_EXIT
2025-09-19,LONG,14:45,15:00,25351.6,25318.45,-33.15,25,-828.75,SIGNAL_FLIP
2025-09-19,SHORT,15:00,15:15,25318.45,25352.5,-34.05,25,-851.25,TIME_EXIT
2025-09-23,LONG,13:30,15:15,25220.0,25185.8,-34.2,25,-855.0,TIME_EXIT
2025-10-01,LONG,09:45,15:15,24673.8,24853.4,179.6,25,4490.0,TIME_EXIT
2025-10-08,SHORT,10:30,15:15,25125.9,25023.8,102.1,25,2552.5,TIME_EXIT
2025-10-09,LONG,11:00,15:15,25152.55,25170.3,17.75,25,443.75,TIME_EXIT
2025-10-13,LONG,14:30,15:15,25245.85,25237.15,-8.7,25,-217.5,TIME_EXIT
2025-10-14,SHORT,10:15,15:15,25210.45,25123.35,87.1,25,2177.5,TIME_EXIT
2025-10-23,SHORT,14:15,15:15,25943.05,25870.3,72.75,25,1818.75,TIME_EXIT
2025-10-28,SHORT,10:30,15:15,25891.15,25965.4,-74.25,25,-1856.25,TIME_EXIT
2025-11-03,LONG,14:00,15:15,25770.8,25774.3,3.5,25,87.5,TIME_EXIT
2025-11-07,LONG,13:15,15:15,25531.8,25510.05,-21.75,25,-543.75,TIME_EXIT
2025-11-11,LONG,13:00,15:15,25588.35,25705.55,117.2,25,2930.0,TIME_EXIT
2025-11-13,SHORT,14:45,15:15,25878.7,25884.1,-5.4,25,-135.0,TIME_EXIT
2025-11-18,SHORT,10:00,12:15,25895.85,25953.0,-57.15,25,-1428.75,SIGNAL_FLIP
2025-11-18,LONG,12:15,12:30,25953.0,25940.95,-12.05,25,-301.25,SIGNAL_FLIP
2025-11-18,SHORT,12:30,13:00,25940.95,25953.5,-12.55,25,-313.75,SIGNAL_FLIP
2025-11-18,LONG,13:00,15:00,25953.5,25897.75,-55.75,25,-1393.75,SIGNAL_FLIP
2025-11-18,SHORT,15:00,15:15,25897.75,25894.7,3.05,25,76.25,TIME_EXIT
2025-11-19,LONG,10:45,11:00,25952.1,25927.0,-25.1,25,-627.5,SIGNAL_FLIP
2025-11-19,SHORT,11:00,11:30,25927.0,25968.9,-41.9,25,-1047.5,SIGNAL_FLIP
2025-11-19,LONG,11:30,15:15,25968.9,26052.7,83.8,25,2095.0,TIME_EXIT
2025-11-21,SHORT,10:00,12:45,26087.4,26166.0,-78.6,25,-1965.0,SIGNAL_FLIP
2025-11-21,LONG,12:45,13:15,26166.0,26116.35,-49.65,25,-1241.25,SIGNAL_FLIP
2025-11-21,SHORT,13:15,14:00,26116.35,26147.15,-30.8,25,-770.0,SIGNAL_FLIP
2025-11-21,LONG,14:00,14:45,26147.15,26070.35,-76.8,25,-1920.0,SIGNAL_FLIP
2025-11-21,SHORT,14:45,15:15,26070.35,26063.95,6.4,25,160.0,TIME_EXIT
2025-11-26,LONG,09:45,15:15,26077.45,26203.5,126.05,25,3151.25,TIME_EXIT
2025-11-27,SHORT,13:15,15:15,26151.85,26219.85,-68.0,25,-1700.0,TIME_EXIT
2025-11-28,SHORT,13:15,15:15,26225.1,26204.55,20.55,25,513.75,TIME_EXIT
2025-12-01,SHORT,11:45,15:15,26212.6,26175.95,36.65,25,916.25,TIME_EXIT
2025-12-04,SHORT,13:30,14:45,25976.3,26042.25,-65.95,25,-1648.75,SIGNAL_FLIP
2025-12-04,LONG,14:45,15:15,26042.25,26017.1,-25.15,25,-628.75,TIME_EXIT
2025-12-08,SHORT,10:00,15:15,26096.5,25932.8,163.7,25,4092.5,TIME_EXIT
2025-12-10,LONG,10:00,11:15,25919.85,25852.25,-67.6,25,-1690.0,SIGNAL_FLIP
2025-12-10,SHORT,11:15,15:15,25852.25,25742.65,109.6,25,2740.0,TIME_EXIT
2025-12-11,LONG,11:30,15:15,25833.7,25898.4,64.7,25,1617.5,TIME_EXIT
2025-12-15,LONG,12:00,15:15,26018.55,26014.0,-4.55,25,-113.75,TIME_EXIT
2025-12-18,LONG,10:45,14:15,25850.05,25789.55,-60.5,25,-1512.5,SIGNAL_FLIP
2025-12-18,SHORT,14:15,15:15,25789.55,25815.65,-26.1,25,-652.5,TIME_EXIT
2025-12-24,SHORT,13:00,15:15,26181.05,26141.65,39.4,25,985.0,TIME_EXIT
2025-12-30,LONG,14:45,15:15,25938.2,25970.55,32.35,25,808.75,TIME_EXIT
2026-01-05,SHORT,13:45,15:15,26252.6,26244.65,7.95,25,198.75,TIME_EXIT
2026-01-12,LONG,13:00,15:15,25722.3,25806.1,83.8,25,2095.0,TIME_EXIT
2026-01-13,SHORT,12:45,15:15,25653.0,25714.2,-61.2,25,-1530.0,TIME_EXIT
2026-01-14,LONG,09:45,10:15,25729.9,25688.9,-41.0,25,-1025.0,SIGNAL_FLIP
2026-01-14,SHORT,10:15,11:00,25688.9,25726.25,-37.35,25,-933.75,SIGNAL_FLIP
2026-01-14,LONG,11:00,13:30,25726.25,25659.35,-66.9,25,-1672.5,SIGNAL_FLIP
2026-01-14,SHORT,13:30,15:15,25659.35,25669.1,-9.75,25,-243.75,TIME_EXIT
2026-01-16,LONG,10:00,13:15,25784.95,25701.65,-83.3,25,-2082.5,SIGNAL_FLIP
2026-01-16,SHORT,13:15,15:15,25701.65,25701.9,-0.25,25,-6.25,TIME_EXIT
2026-01-19,LONG,14:45,15:15,25628.95,25555.5,-73.45,25,-1836.25,TIME_EXIT
2026-01-22,SHORT,12:45,14:30,25209.9,25284.45,-74.55,25,-1863.75,SIGNAL_FLIP
2026-01-22,LONG,14:30,15:15,25284.45,25320.45,36.0,25,900.0,TIME_EXIT
2026-01-23,SHORT,11:45,15:15,25215.2,25064.75,150.45,25,3761.25,TIME_EXIT
2026-01-27,LONG,15:00,15:15,25170.4,25234.1,63.7,25,1592.5,TIME_EXIT
2026-01-29,SHORT,09:45,11:30,25184.85,25269.45,-84.6,25,-2115.0,SIGNAL_FLIP
2026-01-29,LONG,11:30,15:15,25269.45,25422.1,152.65,25,3816.25,TIME_EXIT
2026-01-30,SHORT,10:15,14:00,25279.6,25352.45,-72.85,25,-1821.25,SIGNAL_FLIP
2026-01-30,LONG,14:00,15:15,25352.45,25315.8,-36.65,25,-916.25,TIME_EXIT
2026-02-02,LONG,15:00,15:15,25086.45,25079.9,-6.55,25,-163.75,TIME_EXIT
2026-02-06,LONG,14:15,15:15,25610.9,25673.6,62.7,25,1567.5,TIME_EXIT
2026-02-11,SHORT,12:45,13:30,25927.4,25955.35,-27.95,25,-698.75,SIGNAL_FLIP
2026-02-11,LONG,13:30,13:45,25955.35,25932.6,-22.75,25,-568.75,SIGNAL_FLIP
2026-02-11,SHORT,13:45,14:00,25932.6,25956.2,-23.6,25,-590.0,SIGNAL_FLIP
2026-02-11,LONG,14:00,15:15,25956.2,25945.35,-10.85,25,-271.25,TIME_EXIT
2026-02-16,LONG,12:30,15:15,25577.8,25682.45,104.65,25,2616.25,TIME_EXIT
2026-02-18,SHORT,10:15,12:00,25665.35,25709.85,-44.5,25,-1112.5,SIGNAL_FLIP
2026-02-18,LONG,12:00,15:15,25709.85,25805.7,95.85,25,2396.25,TIME_EXIT
2026-02-19,SHORT,11:15,15:15,25688.65,25416.45,272.2,25,6805.0,TIME_EXIT
2026-02-20,LONG,12:00,15:15,25603.1,25565.9,-37.2,25,-930.0,TIME_EXIT
2026-02-23,SHORT,14:00,14:15,25630.7,25673.65,-42.95,25,-1073.75,SIGNAL_FLIP
2026-02-23,LONG,14:15,15:15,25673.65,25704.0,30.35,25,758.75,TIME_EXIT
2026-02-25,SHORT,13:00,15:15,25462.6,25478.65,-16.05,25,-401.25,TIME_EXIT
2026-02-26,LONG,10:00,11:30,25558.25,25461.35,-96.9,25,-2422.5,SIGNAL_FLIP
2026-02-26,SHORT,11:30,15:15,25461.35,25493.3,-31.95,25,-798.75,TIME_EXIT
2026-03-04,LONG,14:45,15:00,24582.95,24465.95,-117.0,25,-2925.0,SIGNAL_FLIP
2026-03-04,SHORT,15:00,15:15,24465.95,24473.95,-8.0,25,-200.0,TIME_EXIT
2026-03-06,SHORT,11:00,15:15,24617.6,24469.4,148.2,25,3705.0,TIME_EXIT
2026-03-11,SHORT,10:15,15:15,24121.65,23848.2,273.45,25,6836.25,TIME_EXIT
2026-03-16,LONG,14:15,15:15,23347.85,23355.6,7.75,25,193.75,TIME_EXIT
2026-03-20,LONG,10:45,12:15,23296.6,23155.15,-141.45,25,-3536.25,SIGNAL_FLIP
2026-03-20,SHORT,12:15,15:15,23155.15,23134.65,20.5,25,512.5,TIME_EXIT
2026-03-24,LONG,09:45,15:15,22754.2,22958.4,204.2,25,5105.0,TIME_EXIT
2026-04-01,SHORT,14:45,15:15,22647.8,22703.15,-55.35,25,-1383.75,TIME_EXIT
2026-04-02,LONG,13:45,15:15,22530.35,22700.7,170.35,25,4258.75,TIME_EXIT
2026-04-09,SHORT,12:45,15:15,23830.7,23766.05,64.65,25,1616.25,TIME_EXIT
2026-04-13,LONG,13:45,15:15,23893.7,23818.9,-74.8,25,-1870.0,TIME_EXIT
2026-04-16,SHORT,12:15,15:15,24162.95,24188.4,-25.45,25,-636.25,TIME_EXIT
2026-04-17,LONG,09:45,15:15,24232.1,24366.9,134.8,25,3370.0,TIME_EXIT
2026-04-28,SHORT,12:00,15:15,24048.25,24016.5,31.75,25,793.75,TIME_EXIT
2026-04-29,SHORT,15:00,15:15,24170.15,24163.6,6.55,25,163.75,TIME_EXIT
2026-04-30,LONG,14:00,15:15,24022.85,24043.7,20.85,25,521.25,TIME_EXIT
2026-05-04,SHORT,13:15,15:15,24025.25,24123.8,-98.55,25,-2463.75,TIME_EXIT
2026-05-05,LONG,13:45,15:15,24038.1,24052.15,14.05,25,351.25,TIME_EXIT
2026-05-06,SHORT,12:45,13:45,24023.1,24106.95,-83.85,25,-2096.25,SIGNAL_FLIP
2026-05-06,LONG,13:45,15:15,24106.95,24339.3,232.35,25,5808.75,TIME_EXIT
2026-05-13,LONG,12:45,15:00,23577.95,23425.7,-152.25,25,-3806.25,SIGNAL_FLIP
2026-05-13,SHORT,15:00,15:15,23425.7,23428.7,-3.0,25,-75.0,TIME_EXIT
2026-05-14,SHORT,10:45,11:15,23430.45,23567.4,-136.95,25,-3423.75,SIGNAL_FLIP
2026-05-14,LONG,11:15,15:15,23567.4,23713.75,146.35,25,3658.75,TIME_EXIT
2026-05-15,SHORT,14:15,15:15,23695.7,23659.35,36.35,25,908.75,TIME_EXIT
2026-05-18,LONG,13:00,15:15,23615.9,23644.45,28.55,25,713.75,TIME_EXIT
2026-05-19,SHORT,14:45,15:15,23655.15,23606.2,48.95,25,1223.75,TIME_EXIT
